Delta Power,Theta Power,Alpha Power,Beta Power,Gamma Power,MedianNN,MeanNN,SDNN,MedianX,MeanX,SDX,Class
20631.177,2226.929,1454.717,2960.149,493.021,641,642.667,23.4,36.8,36.776,0.103,0
16693.427,2712.452,1263.77,2607.514,490.038,622,624.417,19.543,36.95,36.936,0.043,0
10367.811,2791.698,1207.6,1970.001,376.052,621.5,621.083,19.839,36.22,36.257,0.244,0
18460.76,2203.486,1249.411,2039.441,427.439,621,619.417,15.091,36.22,36.19,0.175,0
8041.901,1823.426,899.85,1279.115,279.27,621.5,629.5,20.855,36.8,36.749,0.067,0
14087.732,2573.036,927.917,1803.045,374.556,641,637.75,40.575,36.95,36.882,0.075,0
18746.819,2498.057,1622.925,3947.171,782.109,651,657.833,29.109,36.95,36.936,0.043,0
15343.164,1905.115,967.797,1624.299,302.578,651,646.167,22.067,36.95,36.95,0,0
10074.535,2079.027,828.732,1558.949,322.472,641,639.5,23.764,36.95,36.95,0,0
16870.725,1741.156,822.272,1558.766,294.251,641,644.5,24.527,36.95,36.95,0,0
15766.081,2073.765,1055.726,2599.99,638.196,661.5,659.583,23.489,36.51,36.564,0.273,0
19419.373,2049.27,929.415,1817.925,349.019,651,642.833,42,36.07,36.015,0.096,0
20994.307,2601.485,1189.4,2043.059,415.34,611,627.75,38.702,35.92,35.869,0.067,0
11349.271,1700.458,984.182,1609.384,348.528,671,666.25,54.154,35.78,35.766,0.043,0
11750.651,2214.13,861.45,1665.312,365.808,661,674.583,53.783,35.63,35.671,0.067,0
10876.688,2214.146,885.533,1786.995,427.657,641,652.75,32.283,35.63,35.616,0.1,0
10265.487,1866.028,1057.219,1635.267,373.122,631.5,632.833,34.212,35.34,36.564,1.397,0
12949.667,2075.393,876.199,1586.674,363.148,651.5,651.25,47.978,37.98,38.031,0.067,0
29652.635,2035.239,1316.341,2087.232,467.373,650.5,654.5,27.473,37.98,37.98,0,0
14554.355,2535.586,734.796,1204.352,289.456,641.5,644.5,16.065,37.98,37.98,0,0
28492.699,2426.426,1501.312,2289.562,485.608,641,646.167,27.331,38.12,38.095,0.054,0
21004.365,2092.527,1099.863,1633.053,331.247,660,646.083,21.785,38.12,38.095,0.054,0
23598.271,2364.394,1241.372,2367.056,468.624,641.5,644.583,29.287,38.12,38.12,0,0
11116.051,1993.208,1200.493,2460.79,502.367,622,637.833,27.76,38.12,38.12,0,0
12353.559,2422.735,1174.896,2541.305,511.992,641,639.417,19.272,38.12,38.107,0.04,0
19852.689,2837.123,887.934,2242.209,553.951,621.5,629.5,19.449,38.12,38.188,0.075,0
18392.053,2413.76,1357.771,3047.891,659.784,671,676.167,36.701,38.27,38.27,0,0
18925.688,2268.374,774.01,1784.258,420.541,671,672.833,27.574,38.27,38.284,0.043,0
18966.227,2291.443,1277.877,2474.168,442.116,661,662.75,26.221,38.27,38.297,0.058,0
18610.376,2101.136,1116.305,2273.036,459.419,641.5,652.833,23.671,38.42,38.352,0.075,0
23104.499,2655.948,1309.168,2435.006,580.442,650.5,651.083,30.151,38.27,38.311,0.067,0
7853.484,1780.317,815.291,1687.44,365.397,660.5,652.75,45.668,38.27,38.284,0.043,0
11964.843,1955.158,1009.988,1987.666,449.662,641.5,664.417,35.38,38.27,38.311,0.067,0
8068.787,2180.326,1166.599,2374.609,518.733,681,686.083,27.284,38.27,38.284,0.043,0
21936.676,2549.483,951.017,2102.777,458.927,651.5,659.417,39.763,38.27,38.27,0,0
11081.705,2583.349,1349.608,2681.428,546.258,641,654.333,24.948,38.27,38.284,0.043,0
9699.754,2160.401,1453.299,3671.368,888.822,641,656.083,45.966,38.27,38.297,0.058,0
12281.487,2022.89,1237.015,3063.728,523.685,680.5,677.75,38.121,38.27,38.311,0.067,0
10759.075,2476.929,1294.356,2821.403,482.893,651,657.667,26.697,38.27,38.27,0,0
12178.491,1904.747,1451.549,2525.364,474.456,621,617.75,21.284,38.27,38.27,0,0
7652.219,2283.491,938.544,1654.035,328.71,621,626.083,27.226,38.27,38.27,0,0
23573.298,2822.154,1360.768,3099.542,724.154,621.5,631.25,19.46,38.27,38.27,0,0
31619.202,2504.983,1077.802,2378.161,521.975,650.5,649.417,26.26,38.27,38.27,0,0
19776.099,2605.625,1333.807,2717.018,646.796,641,637.833,27.934,38.27,38.27,0,0
19334.84,2214.16,1147.921,2443.678,470.133,641,636.167,30.884,38.27,38.27,0,0
9775.891,2140.693,1067.462,2239.817,532.586,581.5,592.833,36.794,38.27,38.243,0.058,0
26711.63,2236.297,1038.62,2302.54,557.012,660.5,666.167,44.238,38.27,38.27,0,0
9832.142,2403.697,1105.221,2161.87,492.655,681,681.167,27.086,38.27,38.27,0,0
21741.882,1866.824,1220.422,2393.501,665.542,700.5,699.5,34.279,38.27,38.202,0.075,0
12445.404,2062.515,1043.611,2166.126,571.317,661,659.5,23.694,38.12,38.134,0.043,0
6886.448,1981.394,1097.731,2302.738,436.922,660.5,657.833,24.368,38.12,38.134,0.043,0
6581.357,1748.837,960.344,1776.356,428.115,662,667.833,24.572,38.12,38.12,0,0
11740.692,2016.386,953.211,1941.535,398.295,671.5,674.417,23.669,38.27,38.229,0.067,0
16934.609,2187.388,1081.527,2223.354,450.035,661.5,667.833,36.06,38.27,38.256,0.043,0
11730.69,1768.864,960.621,1596.617,376.168,661,656.25,20.36,38.27,38.229,0.067,0
18321.547,2305.154,1253.818,2164.528,565.977,681.5,686.167,30.61,38.27,38.27,0,0
28860.431,2178.122,1189.725,2445.575,639.06,621,622.75,23.675,36.07,36.577,0.986,0
11776.348,2223.764,985.774,2280.541,422.906,620.5,619.5,23.764,36.07,36.015,0.072,0
11136.449,2054.543,962.897,1830.581,370.661,662,661.167,23.248,36.07,36.002,0.075,0
13449.707,1759.692,1025.63,2162.951,423.693,671,669.417,32.035,36.07,36.002,0.075,0
11330.81,2096.82,958.58,1803.648,360.408,641,659.583,38.793,35.92,35.988,0.098,0
10754.608,1850.773,1072.415,2221.35,408.733,671.5,667.833,24.969,35.92,35.975,0.072,0
22018.35,2049.037,1468.337,3813.316,775.704,661.5,657.833,26.897,36.07,36.015,0.096,0
10374.118,2031.927,1395.192,2557.578,541.859,641,654.5,27.53,36.07,36.029,0.092,0
12091.001,2161.841,1051.692,2093.506,498.999,641,631.083,17.279,35.92,35.961,0.067,0
8555.261,1820.921,692.719,1513.714,356.5,641,631.167,22.214,35.92,35.975,0.072,0
17147.931,2727.197,1128.31,2656.082,702.202,632,637.833,28.296,35.92,35.961,0.067,0
10681.893,1721.182,1015.957,2077.65,467.67,661.5,661.167,25.761,36.07,36.043,0.086,0
7783.027,2434.846,1187.621,2561.639,518.885,671.5,674.417,22.07,36.07,36.002,0.075,0
7042.674,1817.606,948.05,2159.525,523.12,661,666.083,31.001,35.92,35.961,0.067,0
6374.494,1849.889,888.915,1778.193,395.982,661,656.25,23.188,36.07,36.002,0.075,0
21549.116,2352.406,1089.548,2284.248,518.613,651,652.833,23.604,35.92,35.961,0.067,0
10399.355,1753.663,1012.38,1932.272,410.059,681,681.25,33.571,35.92,35.975,0.072,0
10890.58,1948.355,980.07,1966.148,450.738,681,682.833,31.68,36.07,36.07,0.128,0
29524.183,2739.669,1106.859,2092.818,399.843,681,681.167,28.112,36.07,36.084,0.1,0
9956.997,2295.729,890.984,1672.344,357.493,671.5,668,26.169,36.07,36.084,0.1,0
12556.384,2323.594,1251.731,2103.219,414.149,671.5,674.5,47.867,36.22,37.497,1.836,0
7635.803,1880.421,960.197,1717.958,398.485,702,701.167,26.842,39.44,39.456,0.159,0
15791.395,2331.212,934.275,1514.6,345.873,681,682.833,26.207,39,38.976,0.136,0
18991.31,2642.376,1546.172,3325.53,710.016,661,664.583,29.227,38.56,38.551,0.17,0
8881.771,2400.335,941.267,1969.928,412.352,641.5,644.583,24.513,38.12,38.189,0.169,0
24067.846,2119.966,920.595,2167.553,509.715,662,674.5,25.979,37.83,37.948,0.162,0
19073.443,2541.387,1044.906,2315.171,507.392,661.5,667.833,19.074,37.68,37.71,0.137,0
14256.226,1731.868,856.605,1975.151,473.362,641.5,661.25,43.405,37.54,37.565,0.082,0
15996.924,2253.284,1098.082,2232.02,508.576,671,677.917,61.355,37.24,37.229,0.097,0
10517.549,1533.683,1319.624,2298.677,523.315,681.5,687.75,28.659,37.24,37.189,0.143,0
20477.307,2216.514,962.363,2436.776,482.97,701,691.167,27.994,36.95,36.964,0.1,0
11587.763,1678.934,755.769,2157.205,481.033,701,704.5,39.003,36.8,36.803,0.107,0
11499.646,2437.116,950.768,2727.225,675.143,691,692.833,43.326,36.66,36.725,0.094,0
8173.38,2224.631,1148.879,2753.022,635.077,681,682.75,20.989,36.8,36.736,0.07,0
6208.857,1894.54,1108.666,2404.841,565.563,641,641.25,31.626,36.66,37.564,1.324,0
16980.303,1797.168,1131.066,2998.505,671.856,651,656.083,44.34,38.86,38.978,0.136,0
22537.396,2488.69,1290.935,2412.741,514.793,661,656.25,49.644,38.86,38.83,0.121,0
11061.31,1900.775,1016.172,2909.932,649.436,690.5,694.417,53.607,38.71,38.791,0.096,0
19163.841,1929.481,981.15,1663.217,321.351,701.5,699.583,50.515,38.56,38.564,0.153,0
11138.662,2320.131,926.904,1712.596,370.341,661,659.5,34.175,38.56,38.551,0.13,0
10608.875,1717.304,920.123,1400.519,307.321,661.5,652.75,51.339,38.42,38.417,0.107,0
10735.973,2580.138,1290.198,3139.939,662.56,700.5,691.25,43.995,38.27,38.325,0.072,0
11933.137,1928.493,917.908,1463.141,352.749,700.5,699.583,48.736,38.27,38.27,0.143,0
6683.959,1617.266,740.42,1500.886,281.756,660.5,642.75,56.81,38.27,38.695,0.732,0
12859.576,2270.96,1120.931,1757.347,410.637,661,664.417,35.476,39.74,39.764,0.103,0
16701.491,1777.297,758.783,1500.664,286.762,661,657.833,19.924,39.59,39.616,0.153,0
13778.461,2068.862,885.561,1761.566,326.307,661.5,659.583,41.252,39.59,39.485,0.14,0
19428.533,2302.273,1176.369,3276.103,750.633,651,649.417,24.005,39.3,39.284,0.145,0
13561.105,2365.972,1077.984,2638.445,609.44,621,634.5,26.421,39.15,39.15,0.128,0
24212.957,2271.872,1115.209,2717.677,586.143,621,627.75,22.174,39.15,39.071,0.144,0
18853.946,2196.659,1177.522,2063.536,557.621,631.5,639.5,28.774,38.86,38.845,0.097,0
6967.339,1789.956,1338.678,2756.3,600.59,641,639.5,20.528,38.71,38.803,0.128,0
8383.529,1646.068,962.051,2231.946,447.473,650.5,654.5,27.412,38.86,38.777,0.132,0
8762.919,2509.387,1141.474,2298.362,522.822,660.5,662.917,36.057,38.71,38.697,0.148,0
6419.206,1698.215,865.425,1714.783,432.772,641.5,649.417,34.779,38.42,38.511,0.111,0
14956.735,2515.41,1276.725,3109.558,700.232,641.5,657.833,54.53,38.56,38.549,0.159,0
13641.474,2042.132,1092.285,2233.806,481.282,661.5,667.833,40.214,38.42,38.403,0.131,0
7529.06,1951.517,1029.652,1934.14,396.764,681.5,694.417,42.037,38.49,38.928,0.787,0
24721.482,2645.401,1312.923,2298.92,574.197,662,662.917,26.459,39.74,39.709,0.088,0
7182.745,2050.358,861.675,1995.639,399.328,692,686.167,46.519,39.59,39.517,0.209,0
26604.837,1992.042,1060.87,2188.873,501.822,660.5,659.5,32.533,39.3,39.312,0.189,0
18637.605,2326.756,1077.544,2355.971,544.643,631.5,631.167,23.611,39.15,39.121,0.214,0
17294.683,2129.488,1081.56,2168.821,449.393,621.5,622.833,25.238,38.86,38.931,0.096,0
9950.059,2797.984,1205.904,1969.31,396.454,641.5,656.167,50.468,38.86,38.828,0.109,0
8126.061,1948.918,1241.841,2289.398,439.539,641,657.833,55.828,38.785,38.712,0.174,0
7046.907,1968.01,1082.268,2204.817,436.57,681,679.583,39.645,38.56,38.621,0.118,0
7264.55,1909.117,961.173,2283.757,383.573,691,701.083,35.694,38.49,38.505,0.149,0
5829.27,2317.125,1096.695,2173.422,456.981,662,674.5,35.38,38.42,38.446,0.143,0
10501.824,2791.742,950.905,1744.268,356.273,681,686.167,21.61,38.195,38.255,0.211,0
13732.637,2264.226,1242.113,3689.798,925.959,681,666.167,50.532,38.27,38.241,0.145,0
14829.823,2241.991,1080.916,3157.315,686.025,721,712.75,28.911,38.27,38.226,0.115,0
6869.536,2031.853,1174.291,3163.459,691.596,661,657.667,61.693,37.98,38.066,0.116,0
11021.934,2398.167,1350.191,2882.097,633.307,701,704.5,55.36,37.98,37.964,0.079,0
10186.253,2061.526,1085.741,2856.814,603.246,711,707.75,38.704,37.98,37.993,0.121,0
17060.476,2448.219,1296.452,2879.664,738.106,711.5,709.417,31.025,37.98,37.977,0.161,0
8130.896,1927.115,1074.756,2296.875,530.186,671.5,672.75,31.183,37.83,37.786,0.16,0
11009.071,2434.547,1331.484,3031.841,537.759,651,649.333,33.124,39.295,39.31,1.542,0
14585.115,2487.913,1078.543,2857.997,577.833,631,644.167,52.029,40.91,40.85,0.073,0
13147.121,2113.388,1333.286,3025.375,607.777,691,697.833,27.991,40.91,40.865,0.069,0
22775.954,2750.068,1573.833,2761.196,718.028,691.5,694.5,39.643,40.91,40.91,0,0
6559.351,1884.264,1066.908,2434.134,627.943,681,682.75,27.52,40.91,40.865,0.069,0
19175.776,2238.339,1478.228,3348.854,812.339,661.5,666.167,30.446,40.91,40.85,0.073,0
13987.808,2475.378,1266.855,3397.891,794.917,661,671.167,25.308,40.76,40.806,0.094,0
17087.205,2232.387,1162.061,2323.031,440.39,661,667.833,28.754,40.76,40.82,0.073,0
18986.711,2155.59,1099.24,2010.572,397.023,661.5,659.417,27.828,40.76,40.776,0.079,0
27320.862,2284.561,1243.7,3238.267,780.573,621,632.833,30.058,40.91,40.85,0.073,0
11774.273,2177.921,1004.798,2947.3,611.814,641,644.5,32.783,40.76,40.763,0.112,0
8526.735,2301.312,1396.671,3123.356,809.758,681,661.25,37.375,40.76,40.734,0.108,0
14038.551,1747.457,1206.186,3193.763,689.906,652,666.167,48.995,40.76,40.792,0.109,0
14700.446,2910.757,1463.773,3075.123,761.92,631.5,621.167,23.104,40.91,40.85,0.073,0
19323.338,2909.69,1553.96,2996.872,670.238,711,702.833,51.125,40.76,40.761,0.065,0
8136.706,2168.801,1230.939,2671.677,572.89,681.5,694.5,46.491,40.76,40.777,0.102,0
9176.953,2318.262,1249.767,2605.187,581.906,681,689.417,36.091,40.76,40.747,0.077,0
24977.945,2330.823,1586.393,3448.135,719.339,681,684.5,30.187,40.62,40.706,0.116,0
7691.116,2540.551,1423.537,3055.853,665.602,681.5,679.583,36.174,40.69,40.69,0.07,0
17676.141,2635.036,1244.008,2837.676,678.826,691,684.5,21.403,40.76,40.748,0.101,0
13580.274,2175.616,1299.611,3692.062,884.52,681.5,688.083,23.461,40.62,40.619,0.065,0
11822.953,1838.774,1203.967,2425.989,473.78,691,691.167,46.553,40.62,40.605,0.045,0
15909.681,2712.071,1089.467,2071.575,569.692,660.5,662.917,55.889,40.62,40.662,0.064,0
10463.894,2177.016,1074.184,2193.069,491.862,731,724.583,28.064,40.62,40.648,0.109,0
17344.436,2474.506,1202.27,2614.159,637.87,721,711.083,36.312,40.62,40.59,0.06,0
15532.105,2540.199,968.091,2351.844,470.37,701.5,714.583,34.048,40.62,40.634,0.042,0
7908.468,2428.999,1049.785,2331.244,502.264,690.5,689.583,49.5,40.62,40.619,0.065,0
6547.364,1803.994,819.988,1655.27,368.435,681,679.417,36.024,40.47,40.515,0.096,0
9812.94,2045.862,1421.794,3845.985,735.951,701,696.083,37.81,40.47,40.544,0.098,0
24586.968,2339.7,1217.636,3137.744,744.349,681,664.25,47.746,40.62,40.529,0.151,0
23463.383,2196.709,1427.471,2541.715,543.625,681,689.333,31.213,40.62,40.589,0.088,0
29067.528,2300.354,1247.633,2703.183,538.01,681,679.417,27.831,40.545,40.559,0.097,0
17849.968,2272.89,1224.529,2428.871,505.657,621.5,626.083,27.345,40.47,40.53,0.073,0
28797.869,2292.128,1307.327,2863.087,609.225,641,644.417,59.542,40.47,40.515,0.069,0
10849.71,2092.933,906.189,2518.426,588.054,681,674.417,32.92,40.47,40.47,0.095,0
6660.432,2334.219,1520.612,3513.098,743.655,691.5,696.167,50.501,40.395,40.395,0.075,0
21499.053,2286.89,1264.694,2372.026,665.526,691.5,684.5,44.401,40.47,40.41,0.073,0
9191.703,2175.872,1206.73,3050.937,712.912,711.5,706.167,51.902,40.32,40.336,0.079,0
15870.742,1862.539,991.889,1673.304,407.401,701.5,696.167,50.401,40.32,40.336,0.079,0
12770.001,1900.19,1096.024,2796.846,593.107,691.5,701.167,46.047,40.32,40.38,0.12,0
28072.061,2221.254,1272.06,2935.927,721.549,721,713,46.687,40.395,40.396,0.119,0
30548.487,2497.905,1017.038,2550.501,777.918,711,717.833,43.091,40.32,40.366,0.094,0
27879.552,2312.274,1027.205,2778.89,753.586,701,696.083,33.802,40.32,40.381,0.118,0
22302.106,2327.941,1014.447,2623.683,598.216,660.5,667.917,29.711,40.32,40.308,0.101,0
8343.469,1719.863,981.542,2188.305,468.345,681,681.167,31.363,40.32,40.294,0.143,0
20669.558,2457.47,1157.35,3059.001,670.628,681,686.083,29.573,40.32,40.264,0.116,0
12553.376,2605.898,1338.152,2857.061,625.947,691,691.25,35.429,40.18,40.236,0.116,0
25042.861,2237.771,1302.837,2610.168,716.42,700.5,691.083,27.846,40.32,40.324,0.13,0
6285.918,1738.733,621.644,1559.986,357.861,691.5,682.833,23.811,40.32,40.293,0.086,0
6217.344,1979.414,678.209,973.357,236.22,691,696.083,21.899,40.32,40.322,0.131,0
7721.829,2314.397,1191.179,3269.351,660.643,661,666.25,30.652,40.32,40.294,0.108,0
8625.914,1857.614,1142.132,2148.865,561.543,710.5,701.167,31.419,40.32,40.351,0.088,0
8952.49,1728.744,872.743,2021.005,487.121,681.5,697.75,47.396,40.32,40.351,0.088,0
13730.24,2118.186,722.369,2043.312,400.139,711,714.5,27.293,40.32,40.352,0.128,0
29337.891,2262.681,1214.508,2455.52,599.946,691,694.5,34.856,40.32,40.308,0.166,0
17690.392,2055.813,943.376,2345.316,495.747,681,677.833,28.109,40.32,40.307,0.077,0
19359.328,1929.573,1035.167,2461.613,523.017,641,647.833,17.425,40.32,40.308,0.101,0
23301.619,2217.899,972.397,2170.151,586.561,671,687.917,62.604,40.32,40.279,0.092,0
19649.275,2148.123,1240.426,2670.985,674.345,690.5,701.083,36.383,40.25,40.25,0.07,0
6856.239,2400.28,1039.686,2172.714,439.255,681.5,674.333,61.531,40.18,40.193,0.121,0
22779.856,2188.129,1074.023,2065.796,482.213,690.5,691,44.127,40.18,40.222,0.064,0
14983.024,2497.553,1469.363,3903.956,905.208,710.5,702.833,33.221,40.25,40.25,0.07,0
20294.677,2135.856,1108.571,3123.597,805.295,661,671.083,32.224,40.32,40.293,0.086,0
26938.057,2512.05,1381.283,3412.087,816.208,671.5,677.833,45.391,40.32,40.351,0.088,0
13543.444,2626.082,1044.495,3172.615,723.59,671.5,686.167,38.604,40.32,40.306,0.102,0
6278.018,1886.856,852.409,1862.903,426.235,721,706.25,44.153,40.32,40.294,0.108,0
12809.517,1705.975,725.668,1698.242,377.038,700,704.333,33.505,40.32,40.292,0.109,0
15510.907,1862.081,941.391,2081.972,423.054,682,706.25,32.752,40.32,40.38,0.073,0
17284.906,1924.52,787.974,1427.606,331.189,680.5,677.833,57.157,40.32,40.321,0.065,0
19311.508,2280.571,876.747,1885.613,398.437,701.5,691.083,52.462,40.32,40.307,0.077,0
21203.488,2193.279,835.902,1831.656,399.869,710.5,711.167,33.573,40.32,40.323,0.112,0
18152.133,1964.368,1133.393,2070.442,383.772,690.5,701.25,42.431,40.32,40.279,0.092,0
19361.165,2031.708,768.352,1928.723,392.711,701,706.25,38.467,40.32,40.336,0.079,0
8183.832,1754.888,743.397,1693.084,362.143,711,707.667,48.743,40.32,40.336,0.079,0
21809.47,2374.534,916.299,2023.217,439.892,740.5,729.5,38.578,40.32,40.351,0.088,0
13196.322,2071.608,983.982,1797.183,368.589,702,711.167,34.119,40.395,40.425,0.117,0
10868.163,2044.473,678.707,1438.596,319.148,741.5,734.5,39.557,40.32,40.321,0.065,0
14520.774,1716.397,788.105,1382.598,310.216,720.5,716.167,36.108,40.32,40.352,0.128,0
21059.976,2210.117,795.961,2020.377,471.612,741,737.917,29.398,40.32,40.322,0.092,0
14283.228,2163.076,1047.11,2110.865,425.367,721,719.333,38.786,40.32,40.395,0.101,0
6439.519,1726.393,929.751,1857.565,326.773,742,738.083,34.381,40.32,40.336,0.079,0
24419.805,2321.184,910.599,1759.456,371.089,730.5,731.167,36.106,40.32,40.307,0.077,0
28314.34,2255.333,1343.416,2272.153,459.259,700.5,691.167,45.208,40.32,40.366,0.094,0
22458.911,2545.554,851.898,2006.335,467.868,601.5,617.75,34.395,40.32,40.321,0.065,0
25053.179,2436.723,1011.313,2059.388,437.971,681,671.083,61.415,40.32,40.337,0.102,0
13823.005,2320.459,984.49,2089.144,418.845,671,671.083,41.616,40.32,40.38,0.073,0
11993.984,2007.994,1176.313,2372.533,558.873,711.5,722.75,46.447,40.32,40.279,0.092,0
20442.875,2049.951,977.836,1683.032,383.499,701.5,706,30.962,40.32,40.308,0.101,0
13222.833,1902.104,756.095,1230.419,251.933,711,706.25,29.544,40.25,40.265,0.095,0
10834.634,2012.851,693.362,1063.101,254.068,681.5,704.417,38.237,40.32,40.322,0.092,0
31469.69,2429.757,949.778,1735.326,430.745,681,686,37.399,40.32,40.335,0.045,0
6323.398,1596.932,692.372,1192.815,289.816,710.5,712.917,32.382,40.32,40.351,0.088,0
7191.587,2272.214,882.79,1556.813,392.882,801,849.2,93.236,62.17,62.215,0.069,1
5835.637,1587.915,665.748,1307.014,257.542,1020,993,104.194,62.17,62.155,0.045,1
6019.844,2774.115,843.34,1532.31,333.941,922,969.4,76.904,62.17,62.11,0.073,1
5539.57,1509.265,616.657,1318.664,250.473,941,953.2,39.235,62.17,62.2,0.09,1
6421.807,1840.989,777.407,1664.206,339.173,941,933,68.355,62.17,62.17,0.067,1
6332.354,1771.252,743.926,1393.379,329.588,920,957.2,90.918,62.245,62.245,0.075,1
6730.525,1939.282,1049.469,2315.782,547.819,982,985.4,69.893,62.17,62.185,0.045,1
7736.935,1961.814,1444.576,2614.693,636.774,922,945.2,46.201,62.17,62.215,0.069,1
6554.817,1773.218,733.571,1211.003,294.955,882,881,49.566,62.245,62.215,0.117,1
6788.451,1572.495,853.574,1382.343,289.101,1001,981.2,80.797,62.17,62.215,0.096,1
10043.317,2288.412,1249.191,2899.692,584.918,980,953.2,65.021,62.17,62.2,0.112,1
8383.176,2236.909,1010.963,1373.772,322.446,941,953.2,63.713,62.17,62.155,0.081,1
6409.905,2295.215,772.879,1129.516,273.18,922,925.2,48.321,62.17,62.17,0.067,1
7355.729,1723.383,1130.479,1863.844,348.885,942,945.2,76.987,62.17,62.17,0.067,1
10753.815,2088.728,1026.167,1381.569,317.305,881,925.4,110.73,62.17,62.23,0.073,1
7960.077,2008.851,1076.706,3660.35,875.836,861,844.8,93.604,62.17,62.215,0.096,1
7163.355,2114.318,1115.693,2758.62,665.586,881,929.4,111.148,62.17,62.215,0.096,1
7852.895,2256.471,954.6,2086.503,390.713,881,893.2,48.201,62.32,62.26,0.073,1
5466.329,1664.076,773.922,1406.543,272.583,922,925.4,71.982,62.17,62.215,0.069,1
6655.344,1680.472,818.582,1251.462,285.546,981,969.2,51.817,62.17,62.23,0.073,1
8069.996,2562.645,1723.374,4142.85,904.236,941,925.4,34.714,62.095,62.095,0.075,1
10199.153,1923.568,833.011,1844.845,369.654,1002,1033.2,47.789,62.02,62.051,0.088,1
8333.006,2366.457,1183.443,2409.806,488.729,1001,997.4,62.637,62.02,62.006,0.042,1
9480.572,1909.971,1116.989,2017.411,425.207,1021,1001.2,41.571,61.95,61.95,0.07,1
5989.819,1989.249,981.187,2142.574,494.146,922,925.2,51.211,61.88,61.922,0.064,1
7196.796,1734.911,959.322,1453.115,399.772,1002,1009.4,77.575,61.88,61.921,0.092,1
6631.842,1278.976,685.99,1155.038,288.367,921,933.2,90.309,62.02,61.979,0.092,1
6678.285,1968.792,1026.164,1627.157,354.124,962,949.2,86.377,61.88,61.936,0.069,1
7741.693,2165.552,890.414,2580.922,564.191,901,893.4,116.51,62.02,62.007,0.077,1
6650.245,1264.171,659.606,1476.519,323.459,861,865,93.295,61.88,61.908,0.056,1
7962.312,2488.556,955.114,1665.791,419.924,882,885.4,123.341,61.88,61.922,0.064,1
6314.148,1613.362,1136.566,2119.4,560.102,1020,1028.8,154.906,62.02,61.964,0.069,1
7064.449,1309.838,644.13,1365.667,328.381,1161,1073.4,189.881,62.02,61.964,0.069,1
11628.231,1955.411,706.255,1413.484,275.791,1102,1113.6,103.392,61.88,61.922,0.064,1
8430.83,2052.274,1340.503,4764.571,1148.424,1061,1049.2,59.911,62.02,61.978,0.064,1
6033.026,2133.153,1711.637,4443.807,1018.316,1061,1013.4,126.738,62.02,61.978,0.064,1
10180.32,2652.601,1449.859,3169.863,742.36,882,957.4,241.668,61.88,61.922,0.064,1
7703.45,2954.392,1085.99,3067.992,667.361,1001,1029.2,119.185,62.02,61.979,0.092,1
8468.287,2304.01,1849.741,4794.192,1267.177,1042,993.4,164.944,62.02,62.007,0.077,1
7874.938,1611.609,805.923,1652.203,396.048,1040,1045.2,128.09,62.02,61.994,0.108,1
8048.284,1399.938,731.448,1081.164,240.04,1040,1017.4,127.89,62.02,62.006,0.042,1
7586.89,1953.372,703.546,1468.12,297.291,1120,1073.2,143.345,62.02,62.02,0,1
10649.517,2301.515,982.66,1377.996,323.593,841,821,42.052,62.02,62.051,0.088,1
8865.14,2252.699,1060.799,2939.744,639.926,880,841.4,50.603,62.02,62.007,0.077,1
8411.6,1710.124,605.748,1185.181,264.597,861,869,81.978,62.02,62.08,0.073,1
6872.147,1521.972,548.069,991.744,273.317,902,877.6,52.66,62.02,62.035,0.045,1
6035.028,1877.285,1168.221,2713.531,536.254,941,909,61.449,62.02,62.05,0.06,1
7591.651,2680.719,1693.484,3601.325,811.199,961,985.4,73.137,62.02,62.035,0.045,1
6827.659,1859.165,973.511,2237.6,591.242,802,893.4,198.229,62.095,62.095,0.075,1
12603.46,2281.96,1425.763,3609.984,922.062,981,917,142.831,62.02,62.051,0.088,1
9566.388,2079.612,1089.348,1941.121,405.9,861,857.2,103.006,62.02,62.05,0.06,1
7499.961,2441.098,1254.274,3541.976,834.869,941,957.2,92.142,62.02,62.051,0.088,1
7201.487,2442.077,1750.125,4790.397,969.511,960,917,57.135,62.02,62.08,0.073,1
6681.122,1930.736,896.421,1580.316,358.377,961,965.2,114.397,62.17,62.125,0.096,1
7930.684,1670.937,767.768,1421.355,296.237,901,893.2,77.533,62.17,62.17,0.095,1
10369.097,2009.127,1251.803,2300.152,450.779,961,973.2,46.598,61.14,61.186,0.956,1
10682.348,2685.415,2080.238,5581.915,1384.579,942,945.2,88.221,60.26,60.26,0,1
6099.497,2054.518,1403.256,4006.41,831.794,1042,1025,228.351,60.26,60.218,0.064,1
9025.859,2796.15,1444.578,3941.284,1039.013,1061,1061.4,76.842,60.26,60.246,0.042,1
5337.116,1881.08,779.42,1462.408,355.677,981,1029,84.43,60.26,60.204,0.069,1
8593.866,2335.089,1165.263,2621.031,571.148,1060,1065,44.1,60.19,60.19,0.07,1
10133.371,1652.059,1171.388,2101.22,455.017,861,921.2,120.864,60.19,60.19,0.07,1
7005.229,1722.434,1098.773,2740.246,586.777,921,893.4,166.681,60.26,60.218,0.064,1
6822.195,1719.794,746.256,1291.182,290.165,841,909.4,168.552,60.26,60.232,0.056,1
8695.396,1941.776,887.666,1471.206,289.86,1102,1105.6,95.307,60.26,60.218,0.064,1
11938.381,2844.379,1737.474,4564.488,941.4,941,937.6,151.068,60.12,60.176,0.069,1
6432.881,2055.167,1489.733,3875.223,856.295,1001,1005.4,136.312,60.12,60.162,0.064,1
8176.843,2288.996,1752.925,4136.298,1054.124,902,929.2,96.485,60.19,60.19,0.07,1
7201.634,2575.471,1421.303,3266.226,844.621,1121,1097.4,191.468,60.19,60.19,0.07,1
6621.638,1931.074,665.31,965.086,211.099,822,877.2,120.076,60.19,60.19,0.07,1
7005.1,2631.646,930.929,2554.484,545.422,1121,1001.6,194.402,60.26,60.232,0.056,1
8485.599,1896.589,813.496,1535.643,378.834,962,985.4,167.228,60.26,60.218,0.064,1
6624.469,1388.58,769.553,1747.665,339.933,1201,1177.4,102.193,60.26,60.232,0.056,1
9349.649,1501.51,659.499,976.617,198.641,841,885,196.694,60.26,60.26,0,1
9527.072,2580.076,1036.849,2581.271,581.419,961,993.2,107.645,60.26,60.261,0.065,1
8636.252,2176.913,1015.6,1982.954,395.963,1021,1037.2,120.937,60.26,60.261,0.065,1
10926.251,1898.52,1088.357,1971.171,375.851,1002,985.2,192.912,60.26,60.26,0,1
8939.296,1830.017,544.552,1033.781,235.923,861,881.4,70.882,60.26,60.305,0.069,1
7594.898,1825.734,962.904,2778.443,646.498,962,969.2,172.55,60.26,60.32,0.073,1
7122.927,2198.605,1455.984,3599.241,880.4,761,873.2,184.27,60.41,60.365,0.069,1
7208.281,2681.397,1672.487,4839.393,880.488,841,869.2,68.036,60.41,60.38,0.06,1
5574.944,1660.535,840.774,2031.163,432.275,1001,1009.4,54.57,60.41,60.41,0.067,1
6394.518,1314.646,600.995,962.425,233.346,1001,977.2,38.597,60.41,60.44,0.06,1
10451.374,2262.264,984.929,1836.377,433.706,961,953.4,159.018,60.41,60.395,0.081,1
8083.209,1820.236,590.563,795.434,167.682,981,1001.2,139.514,60.41,60.425,0.045,1
6456.629,1415.212,517.758,631.712,133.516,942,953.6,129.776,60.41,60.425,0.045,1
6760.202,1450.851,949.817,2405.836,516.818,981,1005,155.642,60.41,60.395,0.045,1
8656.893,1592.782,617.246,1377.857,327.113,781,889.2,185.658,60.41,60.425,0.045,1
6640.306,1716.026,1259.407,2533.558,580.959,1081,1073.4,65.35,60.41,60.41,0,1
6738.32,2419.808,1043.458,2560.024,571.466,882,901,80.503,60.41,60.425,0.045,1
8231.241,2583.829,1960.743,5785.276,1257.471,1062,1077.6,97.719,60.41,60.41,0.067,1
8342.03,1900.846,792.281,1482.475,317.703,941,901,74.833,60.41,60.35,0.073,1
10514.168,1872.997,1221.097,2652.769,591.418,722,789.8,146.354,60.335,60.335,0.075,1
6951.94,1514.696,569.759,1005.62,235.111,862,865.6,105.392,60.26,60.32,0.073,1
6947.768,1380.498,601.882,743.81,169.691,1001,981,110.995,60.41,60.365,0.069,1
5926.812,2698.741,2025.381,4937.449,1316.612,722,861.6,195.449,60.26,60.29,0.06,1
7392.724,1884.382,837.367,2251.904,466.31,861,917.2,181.511,60.26,60.275,0.045,1
8795.074,2118.293,948.066,1898.8,405.225,881,929,188.426,60.26,60.26,0,1
7261.982,2615,1403.151,2742.699,496.975,821,913.4,197.44,60.26,60.29,0.06,1
7873.239,2779.381,1975.57,3737.097,712.827,881,829.4,98.03,60.26,60.275,0.045,1
7947.473,1965.582,1072.054,2844.813,618.279,882,953.4,157.552,60.26,60.276,0.079,1
6092.561,1336.042,645.257,1162.484,268.296,1002,989.4,127.915,60.26,60.276,0.079,1
9607.62,2152.719,1186.678,3236.989,711.85,882,877.4,133.669,60.26,60.233,0.086,1
7062.134,2336.944,1612.238,4620.555,1107.291,821,845.4,136.254,60.26,60.232,0.056,1
7354.634,2122.309,1347.143,2523.745,522.107,982,945.6,141.15,60.26,60.26,0,1
8903.911,1695.321,1361.586,3827.32,849.624,901,925,58.723,60.26,60.29,0.06,1
8350.092,2998.754,1911.88,4539.353,1001.038,841,825.4,83.265,60.26,60.29,0.06,1
5798.196,1986.848,1185.093,3092.502,622.341,901,985.2,184.605,60.26,60.276,0.079,1
8154.54,1786.575,1077.807,2362.742,525.345,801,821.4,82.561,60.26,60.29,0.06,1
7653.91,1980.806,1050.192,2385.352,515.532,742,733.2,27.636,60.335,60.335,0.075,1
7295.87,2428.734,928.736,3083.345,577.017,760,793,118.425,60.335,60.335,0.075,1
7191.859,1835.561,742.867,1608.213,397.929,882,909.4,157.588,61.44,61.38,0.073,1
11472.77,2334.553,1349.125,3613.034,783.026,1041,1009,191.249,61.29,61.32,0.06,1
9623.711,2383.062,1773.722,5127.34,1164.683,921,898,142.015,61.44,61.409,0.088,1
7182.376,1783.394,857.922,1580.151,383.948,862,853.2,101.685,61.44,61.394,0.094,1
10906.655,1847.893,1247.108,3611.107,769.282,981,929,128.469,61.44,61.425,0.045,1
12857.833,2233.514,1103.23,2779.319,626.094,901,897.4,31.929,61.44,61.409,0.088,1
7502.746,2301.023,995.615,2470.218,544.902,840,849,46.656,61.44,61.425,0.045,1
8359.005,1749.602,748.658,1313.098,326.842,801,809,48.419,61.44,61.454,0.042,1
11250.446,2868.193,1929.465,5241.462,1406.06,981,929.2,64.164,61.44,61.425,0.045,1
6764.854,1979.42,1525.794,5098.306,1180.94,882,861.2,50.677,61.44,61.439,0.065,1
7606.066,2392.449,1415.605,4186.354,894.496,941,909,51.85,61.44,61.439,0.065,1
9141.654,2487.753,1278.466,2477.658,506.541,1021,1021.4,66.093,61.58,61.553,0.086,1
8222.838,1965.844,923.119,1947.835,398.959,961,933.2,107.31,61.58,61.64,0.073,1
5563.522,1577.574,576.038,955.647,215.67,842,833.2,48.367,61.73,61.715,0.105,1
9953.878,2521.469,1207.71,3789.423,874.3,922,909.2,100.306,61.73,61.745,0.081,1
11591.148,1948.911,1261.199,3119.611,774.92,941,941,48.99,61.88,61.85,0.06,1
9466.269,1869.219,1049.715,2204.263,514.428,941,933.2,41.126,61.88,61.834,0.094,1
7629.316,2003.025,965.982,2349.573,511.65,1002,1029,117.237,61.88,61.85,0.06,1
6621.009,2404.772,1536.734,4776.338,1219.993,982,1009.2,100.744,61.88,61.908,0.056,1
11756.94,2878.486,1788.767,3830.676,910.189,942,933.4,85.549,62.02,61.964,0.069,1
8871.055,1658.363,921.107,2150.794,395.978,941,957.2,187.131,62.02,62.021,0.065,1
9381.426,2035.245,873.077,1515.37,328.477,921,961.2,121.394,62.02,61.978,0.064,1
7775.22,1625.334,688.265,789.289,173.801,942,985.4,159.44,62.02,62.08,0.073,1
8354.363,1778.72,1242.014,2579.969,503.02,920,893.2,111.336,62.17,62.187,0.085,1
8214.03,1817.237,1046.565,1749.687,394.691,781,849.4,219.203,62.17,62.203,0.062,1
12385.043,1978.061,1042.895,1629.978,348.74,921,969.4,100.528,62.02,62.071,0.098,1
11937.336,1700.544,1267.633,1734.478,332.751,941,981.2,164.317,62.17,62.203,0.118,1
8831.109,1812.1,1089.885,1692.554,372.581,762,793.2,57.301,62.32,62.253,0.075,1
9690.238,1680.026,970.523,1481.394,317.187,722,741.2,45.521,62.32,62.32,0,1
7846.755,2402.615,1440.813,3243.659,704.347,762,797,64.872,62.32,62.269,0.098,1
6946.749,2268.087,810.332,1481.153,329.483,842,877.2,74.093,62.17,62.203,0.062,1
8782.026,2804.33,1820.477,5975.679,1393.606,981,953.2,34.574,62.17,62.153,0.047,1
7705.655,2589.493,1836.915,5273.136,1136.483,960,973.2,111.408,62.17,62.153,0.047,1
7155.207,2079.599,945.904,2780.164,562.099,961,941,171.559,62.17,62.12,0.1,1
9044.341,2260.518,890.429,2047.59,430.66,901,901,115.553,62.02,62.087,0.075,1
8213.53,1553.398,651.381,1319.524,302.842,882,921,124.55,62.17,62.103,0.075,1
6844.879,1323.05,483.414,821.006,199.989,1022,965.2,99.23,62.17,62.187,0.047,1
10154.276,2221.858,987.827,1751.673,331.967,981,981.2,52.232,62.17,62.103,0.075,1
9512.821,1967.252,1552.563,3997.595,1132.81,962,985.4,68.855,62.17,62.187,0.047,1
8082.795,1964.439,1703.744,5575.718,1231.918,921,929.2,60.241,62.17,62.137,0.094,1
8703.515,1818.269,1250.481,2808.712,626.559,1042,1025.4,49.609,62.02,62.037,0.047,1
7960.703,2011.515,902.367,1865.523,390.721,962,977.2,83.344,61.88,61.942,0.07,1
6757.709,1658.975,821.893,1538.417,306.989,882,885.2,40.385,61.73,61.747,0.047,1
7791.089,1646.44,749.944,1465.63,297.632,962,957.4,135.068,61.73,61.713,0.085,1
7166.643,1866.122,806.792,1260.589,292.813,1061,1041.2,56.499,61.73,61.73,0,1
7862.183,2180.635,1456.822,3433.54,741.811,1061,1041.4,45.169,61.73,61.747,0.047,1
7138.177,1732.8,974.512,2378.827,512.808,922,929.2,100.065,61.73,61.73,0,1
8532.082,1475.425,622.684,1014.638,240.947,941,909.6,136.816,61.73,61.73,0.071,1
8427.661,1887.554,960.148,1417.81,357.689,962,953,37.64,61.73,61.68,0.071,1
7671.27,2184.991,807.726,1110.839,242.651,882,885.4,87.344,61.73,61.78,0.1,1
10890.119,2619.654,1661.81,3947.257,961.528,1061,1061.4,96.421,61.73,61.78,0.071,1
8541.714,1965.804,1657.029,3995.951,1039.772,1102,1109.4,72.124,61.88,61.959,0.098,1
7969.271,1851.833,1100.01,2058.541,484.832,1042,1041.4,130.6,62.02,62.053,0.062,1
8940.78,1544.552,1159.09,2925.332,653.589,821,837.2,130.177,62.17,62.137,0.062,1
10849.955,1974.45,866.006,1684.691,368.185,901,909.2,92.547,62.17,62.137,0.062,1
11289.189,2097.658,817.383,1082.773,233.112,981,949.6,55.701,62.02,62.071,0.098,1
11025.079,1958.288,936.689,1265.394,311.938,941,921.2,102.451,62.17,62.12,0.071,1
9396.858,2038.545,1329.959,3358.111,818.667,941,1005.2,113.272,62.17,62.187,0.047,1
5808.988,1831.259,838.25,2454.166,510.73,982,973.8,65.521,62.17,62.187,0.085,1
10103.672,2788.878,1625.951,5220.717,1028.444,822,817,23.503,62.32,62.269,0.098,1
5432.867,2672.052,1864.47,5040.909,1155.936,981,1001.4,202.84,62.17,62.237,0.075,1
7275.55,2326.704,757.336,1529.536,367.854,761,785,42.708,62.32,62.269,0.098,1
10355.687,2393.185,1072.46,1744.102,419.363,802,793,29.806,62.32,62.32,0,1
7603.027,2709.557,2027.922,5619.887,1319.169,821,825,32.006,62.32,62.303,0.047,1
8413.435,1737.95,1124.358,2620.169,636.962,882,861.2,51.152,62.17,62.17,0.1,1
7484.065,1628.705,790.231,1498.38,402.124,941,917.4,39.444,62.02,62.07,0.071,1
8265.709,1736.613,751.102,910.389,242.756,822,845,73.051,62.02,62.021,0.068,1
8742.827,2505.866,1731.429,5131.267,1232.621,921,881.2,117.271,62.02,62.004,0.044,1
10214.067,1909.003,938.839,1796.006,403.319,801,821,55.136,62.02,62.021,0.068,1
7463.049,2096.72,1016.265,1693.337,337.251,822,813,29.806,62.02,62.006,0.082,1
6754.589,2695.517,2131.892,5659.689,1183.019,922,905.2,55.772,62.02,62.021,0.068,1
7237.929,1573.348,846.05,1392.982,299.103,941,909,89.4,62.02,62.038,0.083,1
7549.771,2465.199,1619.619,4679.045,1124.173,861,861.2,52.465,62.02,62.006,0.082,1
8222.657,1622.59,659.537,1221.383,277.599,902,933.4,48.57,62.02,61.958,0.07,1
6729.316,1723.524,694.765,1181.038,207.811,881,869.2,54.231,61.88,61.91,0.09,1
7993.787,1773.033,794.331,1050.612,211.287,961,989.2,98.777,61.88,61.879,0.068,1
7118.599,1979.238,1125.504,1699.171,387.607,941,937.4,37.033,61.88,61.91,0.09,1
7286.387,1831.428,813.303,1052.218,253.028,941,917.2,63.701,61.88,61.896,0.044,1
10077.137,2108.222,960.696,1256.339,280.517,861,909.2,103.019,61.88,61.862,0.083,1
10276.91,2437.851,1398.38,3526.895,850.029,960,901.4,101.236,61.88,61.879,0.068,1
6558.498,2239.262,1405.548,3378.062,908.791,862,877.6,63.726,61.88,61.896,0.044,1
7793.233,1397.329,535.51,799.034,226.782,861,849,81.243,61.88,61.911,0.058,1
11267.868,2344.746,1929.925,6077.966,1267.689,782,801.4,63.057,61.88,61.942,0.07,1
8710.956,2067.598,1272.329,3006.435,706.551,821,877.2,150.179,61.88,61.927,0.066,1
7246.085,1902.624,857.995,2361.204,578.784,822,825.4,67.447,61.88,61.942,0.07,1
7545.762,1754.075,852.932,1801.055,423.164,901,949.2,171.527,62.02,61.989,0.058,1
9258.717,2592.494,1338.696,2788.259,735.466,902,973.2,108.385,61.88,61.894,0.082,1
6788.663,1853.755,968.207,1733.709,383.733,841,889.6,86.203,61.88,61.942,0.07,1
6765.248,2567.842,2070.091,5195.065,1257.983,842,861.2,68.881,62.02,61.941,0.098,1
8738.738,2117.181,1341.131,2829.775,624.709,862,861.4,97.202,62.02,61.958,0.07,1
7627.79,1690.143,999.502,2260.203,504.975,881,909,64.377,61.88,61.926,0.137,1
8476.029,1920.428,841.413,1484.206,308.417,1121,1129.2,127.426,61.88,61.926,0.096,1
11104.715,1801.488,852.183,1429.998,306.191,881,849.4,109.26,62.02,62.022,0.138,1
9411.33,1754.377,901.593,1406.058,322.271,720,833,158.746,62.02,62.058,0.18,1
6931.883,1920.307,721.1,1082.002,265.764,901,885.2,73.202,62.02,61.974,0.096,1
7952.976,2590.17,1728.504,4937.511,1089.033,921,909.4,34.783,61.88,61.942,0.07,1
10305.511,2501.702,1313.804,2727.716,470.615,901,865.2,54.466,61.88,61.942,0.12,1
7220.287,1942.457,1041.231,1601.053,343.835,871.5,861,54.41,61.88,61.86,0.145,1
9159.573,2436.51,1230.073,2688.204,593.769,861,861.25,62.93,61.88,61.893,0.107,1
8797.264,1792.579,1133.094,2226.94,489.926,841,841.25,86.372,62.02,62.04,0.145,1
6703.511,2255.065,1275.272,2263.743,450.319,872,866.25,61.018,62.02,62.058,0.18,1
7128.828,2629.557,1074.656,1879.437,410.078,941,921.5,61.65,62.02,61.941,0.17,1
7345.849,2944.989,1888.346,6315.957,1373.853,1011,1006.25,29.38,62.02,61.957,0.098,1
7433.677,2381.917,1456.863,3888.517,924.792,1051,1041.5,50.801,62.02,61.908,0.133,1
7015.812,2119.375,1433.446,3225.381,623.699,981.5,981.5,88.996,61.88,61.846,0.135,1
9408.11,1854.358,715.382,1172.979,269.545,951.5,916.25,128.288,61.88,61.959,0.139,1
8971.72,1834.117,903.148,1362.14,333.331,1031,971.5,109.728,61.73,61.746,0.129,1
8095.067,1587.541,879.748,1474.681,282.726,961,951,114.455,61.88,61.829,0.121,1
9176.709,2026.616,1110.202,2409.404,473.958,1071,1056.25,170.844,61.88,61.91,0.636,1
7481.81,2446.812,2038.457,5114.676,1309.835,1031,1061.25,83.428,62.61,62.203,0.699,1
