Delta Power,Theta Power,Alpha Power,Beta Power,Gamma Power,Class
22288.163,2707.241,1379.113,2690.499,597.351,0
17317.775,2360.615,1211.988,2616.869,504.065,0
12751.226,2280.421,1047.241,1949.018,379.012,0
13143.129,2174.97,970.696,1938.921,386.065,0
12995.163,2114.244,1227.661,1955.58,408.047,0
7779.708,2447.251,1028.132,1803.256,348.582,0
7156.496,1962.121,824.445,1546.25,318.875,0
11205.772,3194.17,1588.119,4228.852,1035.54,0
21713.713,2987.659,1339.185,3026.681,643.523,0
6839.151,2213.859,1045.906,1763.571,376.777,0
13278.968,2431.289,1295.898,2450.84,548.533,0
17153.345,2217.545,1308.252,2116.104,418.368,0
9768.388,2247.873,1331.336,2895.68,606.592,0
14239.412,2253.857,1229.549,2117.842,352.136,0
12392.181,2126.258,1126.916,1884.951,367.4,0
16726.429,2822.875,1264.59,2007.001,412.055,0
16565.902,2348.94,999.425,1939.241,368.799,0
10615.035,2301.476,1241.433,2041.157,426.935,0
6695.023,1748.0,1011.767,1996.748,437.898,0
11029.972,1944.955,912.533,1654.952,298.157,0
14565.416,1851.545,944.923,1698.71,421.247,0
16483.047,2317.173,1170.504,2055.704,474.272,0
12891.349,2549.263,1411.534,2065.04,453.864,0
18736.678,2386.31,1326.811,2121.589,459.284,0
14035.419,2788.486,1413.38,2373.96,501.813,0
31600.094,3795.179,1522.652,2534.22,575.613,0
14107.472,2114.677,1171.262,2125.769,431.519,0
19260.802,2350.638,1467.862,2279.254,410.841,0
17399.69,2060.897,1000.697,2114.901,388.429,0
14125.402,2295.752,1101.964,1954.617,366.802,0
19549.862,2764.905,1716.696,3841.496,844.685,0
10818.9,2206.717,1227.495,2103.643,414.489,0
19251.547,3052.332,1058.395,1989.209,416.284,0
131004.699,10289.891,4557.715,7135.078,1502.761,0
64441.622,4597.326,2232.476,4646.541,1128.47,0
14055.755,2342.377,1354.427,2599.021,589.971,0
24589.134,2975.552,1183.39,2129.284,487.217,0
10351.512,2710.531,1163.526,1727.163,369.09,0
25303.285,2739.424,1344.553,1787.35,490.155,0
16012.923,2288.693,1064.94,1559.638,368.149,0
12797.522,2020.694,932.612,1425.621,348.478,0
17007.807,3103.146,1426.732,2074.458,442.663,0
7782.016,2267.413,1085.886,1615.93,350.006,0
23113.107,2455.773,1105.657,1653.497,404.728,0
22365.939,2448.171,1272.519,2124.361,498.854,0
29686.914,2509.61,1222.868,2867.219,645.478,0
34946.174,2719.169,1872.273,2570.289,575.97,0
20879.778,2519.411,1359.498,2080.534,428.676,0
19773.445,2677.331,1381.068,2909.38,676.278,0
22594.272,2298.032,1071.872,1943.834,525.158,0
19465.413,2053.798,1414.605,2264.082,533.312,0
22283.547,2548.889,1254.465,1949.767,503.033,0
6638.054,2735.227,1401.274,2129.59,395.995,0
81627.412,4916.283,2191.577,3946.369,843.26,0
18714.677,2409.78,1405.443,2369.288,456.186,0
7199.033,2127.598,983.883,1851.93,343.615,0
8595.67,2201.836,1052.23,1476.845,319.762,0
16627.233,2383.044,1046.118,1523.815,341.65,0
22587.089,2894.634,1375.199,1744.885,406.973,0
20851.351,2613.166,1051.042,1726.929,415.043,0
16595.115,2568.348,1407.69,2543.283,514.455,0
54137.552,3719.971,1986.732,3601.494,815.739,0
57792.34,3686.156,2205.76,4436.447,965.138,0
29543.081,2604.831,1609.307,3458.568,692.231,0
27175.817,3489.294,1644.476,2745.781,606.44,0
12192.773,3094.937,1141.119,2116.373,498.832,0
13740.63,2160.587,1322.264,2142.423,454.363,0
10342.444,2718.275,1178.741,2422.94,477.452,0
12911.498,2500.953,1389.363,2428.968,487.458,0
8163.34,2651.356,1088.433,2142.259,438.744,0
24439.701,2427.927,1399.691,3083.167,574.855,0
12964.306,3088.553,1169.583,1900.001,386.846,0
9797.51,2978.556,1218.36,2541.873,537.704,0
20956.52,2544.552,1204.911,2095.063,420.114,0
12812.261,2695.272,1297.387,2221.574,530.044,0
6959.145,2644.034,1089.139,1904.533,404.474,0
21736.63,2445.202,1335.719,2619.725,572.893,0
8185.416,2692.247,1185.334,1785.661,363.673,0
23177.028,2395.719,1142.753,2255.097,438.212,0
6804.989,2413.741,1152.185,2035.888,388.421,0
10246.565,2867.686,1120.547,2168.506,410.636,0
20054.116,3198.6,1529.165,2856.786,598.602,0
12583.157,2430.55,811.922,1326.763,332.32,0
25936.421,2952.621,1751.36,3465.415,836.254,0
8628.335,1945.522,998.379,1487.393,274.598,0
15435.036,2557.868,1247.028,2271.173,363.772,0
8804.488,2672.954,1352.686,1646.413,348.28,0
23662.863,2671.427,1018.868,1923.755,446.11,0
28488.478,3363.335,1576.337,2488.011,536.373,0
7444.003,2378.083,1395.079,1653.835,320.133,0
16335.551,3856.288,2631.595,4746.578,1009.513,0
12782.032,2943.966,1515.563,2674.225,501.629,0
11617.644,2674.966,1409.848,2917.881,665.264,0
15436.543,2872.06,1376.797,2456.985,530.72,0
10319.186,3019.729,1501.496,3270.944,675.817,0
24359.28,3339.109,1567.524,3352.782,737.452,0
9611.076,2831.819,1602.158,2398.246,564.44,0
13625.073,2485.651,1320.96,2426.908,501.324,0
14470.607,2668.937,1235.803,2569.501,510.444,0
10782.845,2467.884,1377.009,2480.328,539.156,0
9869.816,1927.836,1071.453,2042.841,452.503,0
13517.504,3415.923,1845.207,2791.46,658.453,0
12616.632,2497.98,1791.468,3589.335,684.206,0
13896.725,2647.013,1873.952,4627.175,1206.731,0
12747.114,2118.668,1045.355,2031.214,411.518,0
9526.984,2895.195,1325.622,2468.127,487.137,0
12150.086,2642.174,1855.755,4276.089,854.409,0
10795.015,2459.401,3134.486,9982.319,2615.312,0
7348.293,3502.125,2767.648,8498.683,2069.15,0
7920.406,3615.918,2354.32,5698.165,1289.738,0
29175.133,3641.927,2465.363,5993.956,1344.662,0
20312.416,4029.535,2302.944,3861.234,825.326,0
8493.922,3659.233,2756.74,5296.93,1205.045,0
19763.344,2470.442,1691.388,3467.745,647.5,0
9497.647,4112.532,1861.36,4308.125,905.503,0
8147.676,4131.342,1906.549,3316.499,675.533,0
13330.576,2959.117,1743.357,3144.546,653.732,0
21849.896,3233.239,2379.829,3765.831,765.115,0
9047.019,3622.05,1850.865,2798.729,618.436,0
10103.481,3273.356,1311.575,2562.788,508.109,0
19933.43,2749.471,1795.124,3178.924,617.274,0
11087.805,1729.391,1095.865,1601.87,363.766,0
9875.017,2472.427,1114.413,2050.886,380.83,0
10910.591,2429.896,958.61,1786.61,376.023,0
11541.01,2657.157,1118.649,1783.459,312.262,0
11439.447,2021.096,1060.035,2515.855,561.205,0
11400.707,2551.752,971.027,1661.719,335.885,0
12331.019,2430.319,1356.23,2592.583,553.277,0
17949.391,2856.581,1757.662,3433.459,716.924,0
13447.91,2331.73,1603.439,2776.474,674.259,0
11033.574,3024.574,1348.21,2625.799,532.996,0
13727.945,2228.208,1342.546,2325.043,418.735,0
16733.429,2905.561,1670.018,3109.473,567.406,0
13503.444,3294.434,1848.54,3282.391,617.497,0
10749.215,3082.828,1553.664,2363.176,432.349,0
12265.885,2517.852,1369.433,2045.89,418.419,0
13621.736,2396.733,1151.201,2232.235,485.241,0
17135.301,2658.927,1818.233,3054.697,742.187,0
10965.979,2492.411,1723.798,2779.62,590.251,0
14492.972,2802.484,1429.719,2530.25,554.442,0
9335.785,2753.905,1952.155,3087.092,696.244,0
12502.555,3090.129,1608.936,2034.553,459.793,0
19439.534,2442.236,1274.802,2202.386,452.026,0
14825.638,2205.864,1535.269,2695.047,574.146,0
14123.984,2893.969,982.264,1934.078,360.171,0
6952.002,2596.687,1035.697,1643.334,326.243,0
14292.716,2163.657,994.801,2435.127,557.934,0
11344.647,2538.122,1705.16,3638.142,723.9,0
11807.84,2204.211,1092.676,2165.457,480.279,0
12470.156,1953.87,931.44,1728.86,327.616,0
38241.006,3119.412,1700.74,3088.444,757.308,0
20167.757,2280.638,1258.721,2596.513,524.632,0
11308.929,2863.918,1523.592,2922.996,560.868,0
16317.242,2911.548,1534.809,2840.654,536.61,0
19797.927,3328.285,1591.015,2977.631,630.022,0
10962.172,3125.81,1758.501,2994.86,592.925,0
7461.671,3065.966,1624.496,2743.801,650.667,0
17481.143,2792.605,1625.293,3472.721,614.987,0
8497.798,2431.447,1348.177,2305.243,460.949,0
19577.955,3307.086,1961.019,5756.512,1416.708,0
15187.822,3088.013,1643.186,3106.508,631.722,0
17736.896,2178.128,1385.869,2486.099,468.044,0
16930.579,3184.561,1971.191,2782.976,612.491,0
12516.178,3084.415,1608.203,2599.091,555.773,0
19531.095,2554.104,1406.049,2856.695,615.343,0
11300.1,2049.912,1189.259,2250.834,453.597,0
32323.161,2663.711,1149.321,2412.211,588.618,0
22131.121,2661.662,1540.1,3176.847,620.437,0
22367.336,2338.754,1209.459,1957.036,450.847,0
26254.528,3390.371,2153.241,3732.99,843.895,0
18985.783,2136.313,1903.693,3048.032,749.876,0
19357.976,2504.002,1553.224,3457.846,784.35,0
12333.18,1851.316,1341.119,1988.604,391.662,0
17586.658,2472.542,2301.387,3686.963,841.955,0
11856.626,2569.506,1131.562,1891.887,411.576,0
11109.33,2497.651,1280.317,2395.482,489.767,0
8325.435,2191.427,1081.259,2160.63,400.767,0
11034.355,2529.241,1735.556,4399.75,930.96,0
12494.136,2693.878,1187.201,2459.509,527.721,0
11044.591,2264.532,1126.123,2326.296,453.69,0
35052.214,4623.048,2643.032,3861.597,991.677,0
13428.151,2143.022,1128.634,1905.127,454.853,0
29205.082,3261.669,1622.003,2524.009,632.682,0
49446.143,1959.376,1120.865,1745.51,375.566,0
8611.152,2011.239,1180.321,1744.504,323.168,0
23400.75,2319.253,1383.862,1977.732,454.65,0
17237.684,2336.898,1323.456,1507.321,348.435,0
28151.856,3226.645,1758.745,2478.15,569.736,0
23256.088,3364.902,1700.549,2920.042,616.713,0
15972.772,1663.505,955.043,1527.171,316.873,0
31852.487,2695.71,1375.635,2654.388,652.795,0
47417.791,4816.968,2537.212,3221.083,734.219,0
9224.882,2110.796,859.319,1678.356,322.712,0
17713.229,2080.21,957.257,1674.371,413.227,0
6275.754,1558.791,794.705,1734.985,316.731,0
12559.107,2022.86,1074.793,1950.412,380.434,0
9283.507,1888.289,1124.778,1705.895,373.885,0
17847.731,1858.261,1075.116,1855.308,430.384,0
15953.797,2275.424,1033.444,1881.019,386.595,0
15130.039,2069.492,928.612,1940.476,413.894,0
13716.628,2589.405,1107.398,2418.137,462.973,0
15140.779,2214.635,1269.848,2097.975,446.658,0
16223.408,3586.468,1801.68,2935.808,594.599,0
23997.754,3236.978,1759.231,3248.696,605.97,0
13270.809,2802.321,1753.272,2534.141,553.552,0
10199.837,3208.085,1449.894,2438.195,569.278,0
10283.645,2535.702,1373.663,2015.123,409.379,0
39974.335,4717.868,2240.545,4579.651,967.671,0
12055.36,2140.779,1307.548,2328.67,432.839,0
6531.866,2571.48,1170.013,1782.057,366.609,0
29128.862,3083.28,1483.458,2813.241,598.703,0
16523.334,2238.591,1258.616,2484.738,476.198,0
7134.7,2120.142,1203.352,2072.539,368.952,0
34732.584,2348.357,1788.194,2965.077,601.138,0
6614.914,1859.716,817.018,1719.882,430.227,0
6911.594,1619.062,979.871,1698.31,287.623,0
3316.188,1843.976,1107.579,2274.252,464.513,0
16177.736,1802.388,925.027,2045.455,438.569,0
18404.008,2304.79,1531.382,2727.352,563.99,0
11966.44,2404.697,1327.72,2222.224,427.542,0
11214.386,2940.645,1242.246,1965.929,429.515,0
8169.158,2603.851,1937.229,2771.978,497.918,0
18314.988,2133.717,1121.629,2200.701,432.793,0
35140.545,2874.644,1414.127,2382.957,523.377,0
10709.53,3240.544,2294.601,4385.873,989.309,0
13428.473,2569.118,1255.693,2969.369,662.596,0
9997.252,2417.122,1362.11,2948.382,691.356,0
12436.147,2986.489,1114.238,2774.438,752.87,0
22529.634,2635.492,1576.3,3487.687,708.025,0
12693.588,2650.873,1403.287,2302.997,472.989,0
15206.255,2725.173,1188.022,2819.634,597.608,0
19625.4,2865.097,1669.038,2516.092,588.294,0
25981.006,2176.849,1282.034,2953.23,643.523,0
22185.604,3166.748,1538.593,2844.262,743.38,0
10070.979,2414.782,1126.168,2176.793,421.198,0
19853.605,3485.764,1622.678,2909.454,616.629,0
41103.441,2819.108,2062.435,3414.674,694.283,0
14780.824,2396.913,1547.122,3113.914,602.949,0
11254.085,1689.66,1215.265,2675.366,637.103,0
21517.239,2891.069,1672.717,3230.099,695.48,0
26839.552,3391.65,2046.552,5111.224,1201.235,0
19853.641,2570.006,1280.358,3023.996,680.001,0
14615.774,2558.522,1804.095,4583.838,980.83,0
17216.7,3449.673,1908.173,3282.268,718.455,0
12696.998,2581.955,1804.869,3458.768,708.494,0
18456.841,3008.167,1748.415,3245.121,782.398,0
13067.705,3055.227,1317.492,3029.104,609.819,0
16466.379,2903.86,1137.187,2598.664,625.241,0
14615.389,2276.827,1351.945,2537.824,475.346,0
12081.843,2693.299,1085.233,1907.626,371.08,0
13173.001,2343.649,929.902,1938.375,456.623,0
22330.687,3072.489,1339.919,3246.457,813.039,0
14136.911,2231.359,1348.376,2066.172,406.704,0
29199.232,2199.675,1041.302,1953.034,514.156,0
20894.501,2323.413,1235.37,2058.395,438.296,0
10001.351,2997.723,1566.593,2324.05,529.621,0
28437.383,2898.844,1213.363,2139.463,493.058,0
32843.858,4634.91,2682.072,5197.928,1279.475,0
13482.874,2829.659,1321.897,2707.366,664.84,0
29114.926,3382.398,1767.724,4446.162,992.009,0
15095.744,2196.669,1872.277,3541.393,551.242,0
5278.252,1738.007,1393.695,2462.717,576.195,0
19357.45,2367.866,1291.495,2985.711,623.705,0
21780.963,2831.204,2004.559,3196.668,614.914,0
24720.636,2395.687,1702.978,2546.195,584.195,0
15367.144,2701.259,1495.024,3303.56,742.107,0
25932.36,3248.32,1867.252,3675.637,775.101,0
11744.287,2525.001,1525.0,4630.092,1034.801,0
9284.406,2893.228,1430.786,3699.403,828.258,0
12619.38,2451.057,1139.036,3507.297,728.997,0
25923.969,3069.553,1689.325,3759.932,858.067,2
13829.826,3460.694,1609.787,3766.928,807.701,2
8024.699,2394.432,1244.564,3095.861,580.188,2
8581.235,2144.785,851.991,1663.663,334.65,2
8019.786,2029.568,730.359,1353.053,325.472,2
9405.753,2601.464,1065.364,2202.161,413.565,2
9638.622,2553.133,972.304,1564.243,379.095,2
41225.91,2957.666,1542.533,3325.268,770.618,2
11418.786,2501.722,1125.113,1670.201,364.721,2
8090.05,2076.256,963.19,1365.156,331.657,2
11248.866,2496.995,1331.644,2867.602,611.997,2
10869.418,2811.858,1859.868,4017.077,783.114,2
10604.141,2202.75,945.251,1566.588,351.238,2
9544.021,2555.68,1259.145,2210.304,422.372,2
11691.56,2677.918,1024.907,1668.57,425.715,2
9524.412,1843.882,849.151,1715.331,353.753,2
9156.525,2499.559,1054.569,2049.504,374.657,2
15204.019,2688.991,1338.906,1975.676,391.811,2
14898.268,2945.92,1678.713,4009.419,979.112,2
9517.985,2546.59,1855.461,5365.641,1315.475,2
10135.227,2623.355,1432.255,2447.685,531.648,2
9120.438,2184.966,1048.181,1490.76,277.38,2
11560.142,2235.043,1140.632,2001.854,385.199,2
21306.125,2842.363,1899.108,3196.459,655.284,2
7545.994,2622.309,915.664,1928.123,332.516,2
10596.434,2623.97,1433.684,2364.725,433.503,2
8256.631,2310.479,971.505,1498.37,344.577,2
11567.334,2077.595,812.269,1457.181,326.034,2
11741.334,3257.692,1628.11,3765.307,819.797,2
15249.362,2723.92,1437.697,3591.034,746.246,2
22605.534,3101.831,1817.673,4011.483,970.311,2
10613.367,2768.871,1230.478,2385.148,454.033,2
7883.146,2207.604,972.631,1257.521,271.775,2
9785.342,2199.551,962.457,1247.539,256.708,2
9657.67,2573.587,991.156,1251.14,283.526,2
10330.025,2381.411,891.813,1308.923,245.283,2
11632.579,2658.242,1121.329,1435.697,311.135,2
14253.081,2418.135,1330.993,3004.209,639.92,2
10861.724,2343.375,773.295,1579.457,311.558,2
10203.199,1730.822,670.269,1283.057,266.77,2
35935.227,4305.187,1572.198,2284.994,470.847,2
9763.698,3038.5,1668.189,3389.521,716.814,2
67240.366,5246.661,2747.612,3268.728,630.817,2
23251.236,4430.264,2215.735,3639.162,882.472,2
12581.61,3085.869,1282.491,2131.232,436.965,2
8327.464,2131.565,1023.735,1676.264,334.433,2
13378.049,3437.884,1388.63,2695.969,679.831,2
10172.043,2174.178,1229.024,2294.056,556.705,2
34615.685,2795.373,1464.205,2823.88,628.283,2
10569.389,2665.49,938.75,1937.083,418.046,2
10630.717,2581.653,1316.527,3053.832,550.67,2
15236.849,2690.834,1679.765,3432.909,743.955,2
10516.354,2453.981,1051.543,2212.586,379.162,2
39768.084,4360.896,3134.464,5807.673,1520.937,2
8323.38,2869.34,1454.711,3524.99,706.75,2
8487.257,2278.223,831.166,1503.623,243.826,2
9129.956,2716.346,1335.435,2286.328,485.386,2
23616.869,4723.069,1689.762,3032.674,546.266,2
9153.91,1821.567,956.008,1404.297,286.849,2
10449.585,2831.79,1267.591,2905.001,576.842,2
17232.456,5202.57,2833.984,4988.568,1173.595,2
11258.968,4083.063,2649.938,6737.819,1453.439,2
16049.755,4040.626,2523.083,5141.266,996.642,2
7710.034,3495.392,1918.589,4472.326,818.204,2
12367.431,4068.309,1967.658,4016.393,738.964,2
7908.594,3271.169,1705.025,3314.62,616.43,2
25355.219,3624.075,2111.714,4397.716,823.001,2
9407.304,3141.528,1591.764,3724.866,702.768,2
37295.539,3830.863,2547.928,3987.079,827.771,2
8682.104,3038.306,2019.516,3531.561,657.771,2
81976.71,4895.887,2107.685,4589.106,994.217,2
9298.35,2924.233,2303.559,5242.303,928.404,2
37218.321,4065.077,1722.917,4006.494,823.405,2
28089.785,3434.592,2128.482,3945.999,888.346,2
42380.197,5227.162,2383.989,4075.918,1017.567,2
9276.796,2693.421,1415.747,2592.59,454.393,2
14802.724,3436.699,2144.091,4518.542,1070.869,2
10277.845,3544.211,1910.67,3365.848,709.268,2
12860.797,3864.478,2140.848,3440.187,736.82,2
9116.014,3791.824,1984.578,3549.11,738.601,2
8291.896,2752.881,1754.417,2945.379,562.284,2
13372.834,2848.222,1547.627,2488.767,483.787,2
8231.135,3334.044,1869.87,3667.865,688.528,2
8595.005,3197.1,1328.694,2519.83,536.205,2
11055.082,2592.13,1800.674,3553.343,842.471,2
7930.999,3317.517,2035.128,4400.922,913.061,2
7818.834,3227.782,1796.02,4288.492,871.405,2
7713.294,2885.025,1580.34,3819.442,633.938,2
7360.142,2402.528,1468.511,2997.04,507.179,2
22736.514,3825.293,2308.215,4877.512,1054.046,2
17280.197,3616.032,2087.954,4779.686,986.89,2
18524.77,3200.004,1921.655,3455.003,725.882,2
10344.318,1923.447,1269.776,2549.19,481.922,2
14073.268,2125.38,1341.931,2510.525,473.562,2
8702.192,3278.196,1459.69,3371.988,712.8,2
8436.714,2368.132,979.359,1855.375,394.952,2
9682.31,2048.023,1088.034,1647.636,277.263,2
16011.989,3153.299,1925.913,3106.047,680.146,2
96877.695,5692.289,2575.507,7522.999,1955.104,2
87100.541,3548.462,1047.185,2048.209,543.422,2
8175.293,1845.394,734.117,1177.368,223.961,2
9016.233,2500.209,1189.308,2014.754,458.246,2
8465.394,2117.318,697.756,1140.601,212.537,2
6885.698,1707.939,588.566,854.463,189.365,2
6961.183,1938.75,732.758,1075.487,245.647,2
8450.266,1381.881,688.783,956.344,218.904,2
9199.981,1663.05,816.869,1033.88,225.184,2
11501.287,3201.182,1931.099,3991.551,856.998,2
20153.379,2909.179,1388.649,2481.957,580.507,2
7281.289,2307.221,932.99,1582.304,345.063,2
8280.468,1938.46,668.839,1147.929,284.772,2
13711.719,2940.219,1929.984,3508.924,774.418,2
19879.401,3050.716,1457.875,2047.268,403.001,2
12105.754,3370.89,2219.665,5065.484,1265.138,2
11786.354,2605.045,1629.69,3244.296,654.257,2
7866.116,2325.165,1438.225,2347.25,441.055,2
8513.821,2639.534,1282.231,2243.912,406.213,2
7321.55,1892.883,947.359,1639.268,307.36,2
13009.772,2565.715,1536.119,2136.384,449.598,2
7415.908,1855.591,870.99,1302.778,252.584,2
12845.526,3811.206,2357.543,4831.954,1077.038,2
9064.368,3289.752,1226.367,2790.26,582.278,2
7876.359,2164.698,1001.425,1949.892,446.682,2
7027.699,2533.011,1196.434,2854.229,575.302,2
9205.015,2649.65,1249.614,2597.125,551.806,2
9052.936,2698.549,1220.491,2263.643,510.979,2
9560.517,2711.265,1343.202,2279.394,441.265,2
6625.099,2370.606,1275.443,2107.053,433.772,2
12018.145,3162.346,2043.44,4133.563,973.492,2
11858.826,3770.02,2050.834,4209.061,1055.797,2
8672.438,2713.268,1409.857,2623.475,573.678,2
7130.331,2355.062,1377.461,3004.013,510.315,2
7001.957,1824.151,1084.115,1886.122,478.164,2
14038.183,3480.06,2097.397,4181.836,934.805,2
8782.345,2679.433,1420.707,2737.5,611.748,2
10648.135,3024.922,2165.799,4679.297,1077.812,2
7920.634,2361.831,1193.758,2603.953,524.331,2
7864.182,2609.296,1117.8,2195.437,429.173,2
10177.611,3108.959,1447.527,2828.764,591.339,2
7609.137,3962.397,2673.685,5242.839,1334.898,2
14961.498,2751.516,2091.857,3040.629,587.037,2
11142.649,2702.136,1752.003,3254.184,546.785,2
12418.268,2618.784,1715.832,2754.856,712.366,2
9442.656,2958.452,1812.492,2963.882,554.802,2
11968.754,3091.394,1744.619,2798.017,631.965,2
16637.542,3320.041,2527.328,5124.757,1058.419,2
8007.941,2455.833,1547.143,3138.857,686.608,2
8779.654,2483.216,1212.137,2509.622,594.835,2
8693.793,2795.919,1382.481,2839.641,518.293,2
5978.105,2209.839,1388.031,2193.354,377.852,2
80488.499,4688.794,2879.207,5404.672,1219.757,2
13728.962,2564.599,1384.589,1707.455,337.654,2
8266.483,2405.177,957.148,1189.409,275.688,2
7781.607,1998.192,1136.606,1215.345,283.304,2
17215.604,2532.764,1266.834,1611.555,343.301,2
23849.787,3871.631,2052.796,2648.894,566.79,2
10539.068,2399.641,1239.785,1631.3,365.695,2
14600.487,3008.771,1690.106,1663.254,408.279,2
21995.849,3306.222,2016.612,3565.295,1008.54,2
32183.849,3977.301,1795.592,2812.737,728.627,2
11531.605,2856.885,1161.349,1478.717,311.172,2
24115.183,3783.555,1923.055,4184.859,951.072,2
20019.353,4821.855,2153.861,5399.302,1357.226,2
10228.712,1884.896,728.622,1755.909,349.892,2
41296.879,4056.714,2185.438,2527.62,529.165,2
18133.12,3972.655,1848.983,2421.067,666.625,2
9895.386,2678.156,1023.698,1592.009,337.824,2
50685.686,6589.229,2880.747,3784.054,685.36,2
7785.149,3035.545,1976.395,4920.592,1068.796,2
9957.99,3049.896,1362.414,3000.899,585.95,2
11429.843,3040.235,1779.357,3041.613,575.665,2
8628.15,2480.229,1054.202,1907.979,408.756,2
9683.138,2852.886,1266.289,1870.39,386.982,2
10570.751,3297.964,1660.493,2961.648,591.199,2
12928.236,3057.789,1274.125,1643.443,340.729,2
14319.989,2692.929,866.372,1187.358,222.922,2
14810.62,2646.701,1157.285,1445.076,415.018,2
11498.389,2028.872,1070.728,1292.346,273.703,2
26826.859,2552.943,1355.461,1863.993,435.365,2
13751.385,2577.416,1663.319,3134.397,700.623,2
30262.982,3944.415,2229.588,4824.534,1147.232,2
9939.022,2046.492,843.765,1191.132,239.575,2
9770.588,2589.482,1209.415,1447.821,301.849,2
7540.769,1950.599,684.941,1043.888,209.942,2
38627.714,4254.137,2123.576,5839.439,1287.855,2
8561.639,2337.203,988.299,1406.752,313.006,2
9782.276,2640.888,1243.775,1602.373,381.856,2
9602.148,2467.461,1110.429,1354.801,329.016,2
11280.876,2138.349,1069.503,1459.513,285.028,2
10850.368,2949.859,1372.085,1756.123,368.652,2
10076.413,2548.867,1352.564,1609.491,314.079,2
12343.345,2927.419,1234.002,1798.929,438.41,2
15381.425,4182.062,1709.771,2099.86,453.689,2
27654.641,4592.018,2228.478,3307.054,763.153,2
8521.319,2490.565,1045.606,1431.346,266.602,2
7404.808,2459.894,1151.887,1459.022,275.508,2
68656.241,5492.33,2105.462,2951.776,575.491,2
19832.851,3762.707,2184.19,4917.959,1350.385,2
13581.353,3277.697,1449.116,1852.486,457.303,2
15097.507,3705.787,1721.114,2047.192,453.148,2
17129.392,3409.289,1627.106,2095.725,453.057,2
11952.786,3047.155,1244.659,1567.498,359.323,2
22215.38,4041.992,1573.616,1900.499,430.975,2
77289.714,3285.057,2204.981,2483.291,523.131,2
11239.748,2785.678,1114.891,1234.804,300.311,2
8752.614,2430.892,1181.806,1326.897,273.799,2
11889.018,2294.88,1100.707,1698.147,360.47,2
11409.92,2659.306,1257.724,1700.863,361.757,2
8572.312,2284.587,992.06,1384.807,274.048,2
9503.681,2408.972,995.727,1348.47,324.226,2
15571.771,2918.747,2081.589,4688.852,914.581,2
5591.905,4096.739,2750.355,6137.947,1232.585,2
4739.522,4430.094,2196.218,6430.22,1159.603,2
11091.984,5331.223,2601.888,6262.645,1339.726,2
11468.415,3567.801,3549.669,6526.133,1352.505,2
8162.284,3792.577,3283.676,6992.893,1298.333,2
5927.781,3601.835,2488.474,6001.496,1196.135,2
5933.559,4218.804,3175.654,6735.009,1431.179,2
9549.144,4491.738,2752.021,6630.851,1269.121,2
13459.749,3703.156,3390.151,7312.524,1510.213,2
5874.534,3984.476,2175.527,6028.368,1144.987,2
7498.547,2773.277,1237.48,2123.947,463.803,2
6678.071,3855.554,2540.977,6348.896,1235.217,2
6832.56,4277.705,3013.48,6566.325,1181.388,2
6636.228,4280.18,2491.277,5276.199,977.882,2
16228.657,4823.172,3216.934,5904.61,1162.875,2
6220.765,3953.715,3128.74,6884.028,1285.067,2
5429.486,3996.786,2794.478,6997.71,1158.908,2
5514.09,4968.372,2201.172,6987.207,1326.951,2
7514.921,4551.832,3342.481,6990.188,1351.393,2
8025.747,3785.837,3474.761,7349.183,1415.517,2
8387.294,3428.716,3149.749,6233.729,1154.358,2
9963.792,2290.673,1171.137,2417.794,512.004,2
5179.523,4093.407,2635.236,6588.729,1175.793,2
13205.938,3051.998,1240.288,1808.585,414.759,2
10600.525,2017.788,918.464,1316.04,317.507,2
14275.071,2617.45,1546.61,2123.094,459.66,2
18745.713,2915.208,2099.205,3381.415,768.412,2
11500.67,3081.894,3266.461,5451.357,1142.825,2
7273.345,3352.577,2495.038,6247.793,1159.328,2
19158.452,3336.81,2193.566,4925.321,1021.384,1
13387.869,3499.988,1893.331,4932.633,895.398,1
11738.294,3365.257,2084.563,5632.616,1202.438,1
18081.569,3609.642,2392.298,4728.493,932.319,1
11268.357,3964.814,2212.351,6182.844,1375.843,1
10998.905,3210.191,2060.367,7517.574,1798.159,1
12388.769,3834.05,2382.361,6271.708,1502.096,1
16280.941,3799.461,2606.385,6002.862,1330.132,1
18933.102,3674.853,2685.15,6505.974,1405.207,1
12953.53,3558.757,2685.63,6379.775,1423.476,1
32547.309,4747.17,3164.106,7354.623,1801.047,1
13852.852,3627.284,1931.952,4583.916,949.228,1
9983.953,3639.87,2323.313,5538.503,1137.194,1
13916.718,3458.155,2718.778,6374.56,1237.649,1
15702.045,3353.659,2170.926,5490.679,1183.462,1
9734.755,3483.455,2150.779,6275.137,1106.115,1
9730.436,3239.219,1951.762,6027.818,1287.64,1
13678.093,4154.616,2175.819,6146.218,1221.56,1
10477.236,3533.192,2299.486,6282.064,1244.838,1
14634.397,4137.983,2290.115,5512.43,1214.824,1
13231.729,3674.943,2744.684,5918.89,1184.094,1
16334.068,3804.551,2310.439,5923.075,1218.005,1
9737.682,2992.411,2141.648,4129.909,850.435,1
10005.86,3246.002,2266.218,6699.781,1543.853,1
19160.156,4846.046,2384.883,7256.626,1693.879,1
12199.802,3642.635,1969.818,5271.987,945.474,1
10619.571,3256.329,2098.753,4587.137,952.931,1
13102.865,3629.903,1651.921,4533.31,876.107,1
15017.23,3336.824,2107.935,5172.998,914.241,1
10236.31,3328.163,2284.192,5393.823,1127.078,1
15661.189,2635.572,1680.919,3951.939,779.321,1
15016.863,2435.283,1919.455,2951.11,719.948,1
12987.804,2842.137,2137.615,3493.404,655.117,1
10738.319,3020.16,1559.088,3859.091,663.206,1
7884.699,2732.949,1587.558,3631.106,807.146,1
18167.946,2890.234,1579.648,3740.834,760.136,1
12630.558,2799.472,1663.154,3622.94,804.252,1
13990.516,2794.352,1495.073,3400.194,615.587,1
16291.31,2933.896,1413.504,3329.767,663.018,1
12778.785,3100.452,1608.313,3238.46,615.505,1
9916.398,2666.202,1384.736,3159.953,659.662,1
10478.154,2902.619,1598.272,3592.504,739.847,1
10443.145,3060.857,1484.053,3173.437,653.279,1
13940.121,3124.946,1469.633,3448.512,705.91,1
9369.977,3752.303,1914.699,3580.253,718.798,1
18004.95,3115.863,1856.216,3665.619,654.06,1
15163.905,3081.045,1567.293,3580.625,650.054,1
17671.642,3026.348,1765.491,5398.192,1365.797,1
9838.62,3083.878,1697.249,3050.824,648.862,1
7510.911,2399.785,1630.875,3199.454,634.193,1
9777.349,3108.484,1480.077,3585.356,683.406,1
14554.645,3710.368,1938.092,3604.186,666.927,1
11710.898,2789.303,1606.438,2983.017,731.176,1
14839.865,3073.57,1943.644,3463.166,675.439,1
8680.568,2730.411,1320.811,2600.682,584.169,1
15589.27,2822.453,1768.862,3985.103,718.116,1
7926.641,3369.232,1673.691,3838.203,885.849,1
11545.6,3277.755,1341.452,3157.297,689.404,1
8006.454,3348.608,1492.553,3129.972,632.02,1
18197.352,2920.553,1466.167,3054.809,673.724,1
21417.394,3861.679,1883.227,3692.039,825.591,1
13681.258,3031.108,2007.311,6017.104,1451.891,1
15258.449,2858.085,1730.792,3821.113,927.943,1
17219.433,2734.55,1781.262,3753.195,882.913,1
16490.11,3803.952,1893.403,4033.266,905.222,1
8467.969,3429.525,2029.547,3660.66,701.519,1
16444.489,3648.84,2057.36,4394.005,1075.098,1
15508.294,2762.979,1787.451,3967.493,830.842,1
15630.519,2967.059,1746.673,3138.618,645.567,1
11301.685,3650.848,1900.173,3186.516,732.18,1
8827.371,3204.564,1555.859,3309.604,641.663,1
18427.076,3387.59,2056.24,3552.63,748.866,1
9978.654,3039.649,1390.924,3175.563,632.498,1
8821.963,3438.571,2035.727,3516.765,621.877,1
9639.178,3161.849,1968.797,3486.793,743.863,1
20428.752,3067.467,1477.948,3425.072,768.295,1
17216.292,2856.51,1776.768,3423.59,746.812,1
14953.23,2752.854,1831.395,4564.94,1167.503,1
17896.316,3288.914,1594.378,3816.876,816.613,1
12332.814,3331.396,2257.479,3414.46,689.107,1
10561.833,3183.146,1436.813,3186.827,576.135,1
9963.442,3064.851,1788.376,3442.072,630.764,1
20944.896,3511.071,1957.45,4104.355,833.592,1
24020.93,3407.367,2219.927,4347.22,1027.957,1
13566.118,3765.113,2075.566,3908.249,737.051,1
11732.339,3303.416,1442.517,3530.227,630.523,1
14755.496,3144.221,1513.557,3243.924,693.154,1
11867.988,2954.57,1652.48,3440.05,660.344,1
13254.715,3095.982,1756.569,4664.041,977.322,1
14841.926,3614.449,2501.427,5321.758,1261.185,1
18913.232,3060.142,1807.164,4809.198,1066.66,1
42066.621,3413.49,1988.328,3242.181,722.027,1
18994.961,3603.238,1813.576,2579.524,602.255,1
61409.807,5120.154,2842.732,4434.734,1034.897,1
21527.066,3040.806,1528.493,2379.166,513.694,1
15217.787,2926.651,1339.043,3270.955,615.981,1
18362.916,2894.815,1264.737,2503.224,482.755,1
11431.903,3306.767,1536.742,2501.077,474.067,1
21174.463,2556.664,1626.527,2882.229,594.903,1
16231.922,2318.434,1048.347,1934.316,417.009,1
14664.549,3390.747,1791.914,3841.118,1109.594,1
22322.21,3579.909,1769.682,3116.547,661.816,1
15070.077,2594.098,1434.616,3365.674,711.347,1
11493.189,2405.973,1209.089,2118.403,403.418,1
19066.056,2750.621,1599.241,3167.752,637.831,1
19602.229,2812.82,1460.603,2525.495,547.818,1
11460.071,2876.312,1718.01,3318.105,716.549,1
14392.857,3349.296,1626.96,3243.63,583.785,1
9026.977,2308.081,1772.013,5033.278,1054.659,1
14329.087,2436.401,1491.133,3817.282,952.549,1
7654.454,2300.656,2461.891,3754.427,768.032,1
16935.911,2356.651,1995.868,3765.168,888.413,1
20582.516,2594.598,1197.586,3030.679,635.799,1
16693.667,2516.671,1527.619,3371.219,692.494,1
19103.072,2991.485,1130.824,2730.223,578.394,1
12806.408,2581.18,1494.271,3057.65,587.268,1
31174.702,2870.219,2105.347,5124.908,1293.55,1
20682.277,3126.652,1596.155,4341.961,1044.297,1
62040.999,3414.858,1690.539,2696.511,597.479,1
26829.637,2776.824,1560.332,3002.33,630.085,1
53244.053,3773.807,2042.56,4673.141,1203.808,1
10172.841,3124.248,1705.988,4325.142,861.412,1
35599.584,3168.679,2074.679,4262.96,914.421,1
17837.897,3385.711,1782.188,4037.358,817.635,1
22530.199,3094.112,1888.754,4597.669,881.999,1
14604.115,2346.24,1502.204,3018.809,614.402,1
9754.106,2936.392,1387.646,2728.226,519.925,1
7725.284,2913.891,1542.474,4345.262,735.765,1
7900.923,3224.084,1440.695,4135.037,731.771,1
9696.525,2886.286,1623.331,4227.758,772.528,1
23457.428,3910.73,1796.987,7374.035,1457.781,1
8893.074,2785.81,1380.532,4144.743,795.842,1
6156.485,3580.286,1796.228,4236.464,754.642,1
11010.355,3142.502,1835.195,4162.839,688.792,1
12745.974,2798.696,1845.984,3824.767,762.252,1
9398.785,2894.799,1525.835,3910.023,691.028,1
12174.579,2701.291,1919.679,4089.157,802.099,1
12315.548,2598.611,1539.813,3470.11,748.945,1
10977.32,2768.467,2065.239,5611.042,1116.59,1
10187.711,3149.414,1820.011,4765.07,892.526,1
22943.949,3077.858,1810.987,4161.425,865.786,1
9068.842,2984.972,1630.498,3756.487,665.88,1
8807.556,2984.65,1947.014,4007.046,786.868,1
11848.141,3880.224,1603.437,3837.953,798.37,1
23813.874,3454.73,2034.723,4916.675,1151.383,1
9047.104,3233.942,1694.24,4800.022,864.959,1
10377.132,2452.855,1438.915,2528.135,666.443,1
8529.629,2666.442,1597.849,4578.638,811.882,1
42320.939,5194.555,2147.516,4879.855,994.467,1
10432.413,3323.643,1264.642,4656.081,889.481,1
9183.483,2937.658,1548.885,3923.364,671.764,1
45551.453,3649.886,2243.209,3433.976,734.918,1
8418.511,3272.219,1654.29,4101.961,728.761,1
7153.693,3608.657,1742.07,4069.449,717.204,1
9574.843,3420.014,1818.625,3880.323,652.657,1
13149.743,3645.331,2013.564,3786.806,659.568,1
14511.444,3268.169,2101.104,4222.899,812.061,1
13008.121,3485.672,1798.808,4181.548,727.356,1
8496.226,2584.727,1740.197,3898.272,719.672,1
10466.34,2783.692,1841.741,3192.228,644.905,1
6121.871,2517.642,1323.192,3006.911,487.989,1
7348.158,2810.706,2061.357,4730.515,872.267,1
9692.697,2613.48,1449.779,3142.296,504.663,1
12439.845,3289.639,1543.743,3461.044,643.779,1
10498.385,2779.285,1656.463,3124.167,574.115,1
5673.879,2360.144,1281.592,3068.621,565.402,1
11865.138,2633.064,2172.777,4837.523,1233.29,1
22009.776,3114.163,1822.32,4434.158,833.522,1
9887.156,2552.079,1545.733,3429.296,635.783,1
9279.384,3195.994,1562.441,3229.346,544.979,1
6495.542,2818.682,1555.466,2977.495,489.888,1
7359.796,2589.082,1710.905,4125.654,737.364,1
12211.988,3429.995,2130.431,4607.867,811.428,1
16087.705,3252.679,2270.758,4729.625,1024.526,1
8900.959,3179.276,1729.861,3719.678,653.193,1
8089.139,2844.048,1512.635,3586.285,604.287,1
6515.042,3711.204,1418.458,3524.735,620.874,1
8140.715,3733.034,1594.726,3995.519,743.793,1
22777.665,3863.507,1899.936,5559.451,942.015,1
32439.158,2890.985,2011.671,4026.143,827.25,1
77301.019,4361.945,1891.193,2845.372,664.16,1
8589.389,3043.741,1370.377,2836.026,513.658,1
31843.847,5188.734,2552.56,4285.815,910.918,1
71962.567,3978.558,2074.721,3806.575,1010.823,1
15287.849,4102.288,2270.491,4122.034,906.077,1
8192.628,2896.428,1408.116,3158.872,604.947,1
18102.322,3456.606,2318.142,3779.719,844.156,1
16380.03,3544.227,1850.138,2976.545,549.322,1
10012.466,2922.4,1664.613,2446.766,594.326,1
10576.801,3566.602,1821.701,3294.745,678.273,1
10743.558,2505.31,1476.91,2690.172,522.43,1
24526.548,4065.668,2398.048,3013.654,638.638,1
11147.355,2780.726,1579.397,2555.809,473.511,1
9899.31,2463.674,1257.807,2155.778,400.943,1
11256.511,3530.406,1605.507,2437.458,502.105,1
32373.843,4150.867,1893.674,2804.196,652.999,1
8894.884,2202.979,1061.664,2106.324,450.29,1
10592.96,2974.251,1339.808,2943.776,607.777,1
25009.136,4713.346,2247.646,4237.261,891.028,1
63656.11,6114.037,2692.048,7481.071,1709.696,1
9885.771,2533.526,1607.911,3327.2,728.937,1
11864.389,3554.684,1973.549,3609.888,820.557,1
19362.942,4144.998,1975.965,3307.595,722.161,1
12031.735,3151.397,1694.09,4105.073,844.128,1
24302.066,3160.741,1469.227,2696.503,615.969,1
16969.541,4304.055,2267.092,3292.81,593.287,1
8455.615,2573.362,1173.933,2785.491,549.496,1
9854.553,2638.056,1376.007,2526.627,581.457,1
16841.128,2887.743,1647.083,3075.037,661.997,1
10223.331,2582.262,1437.148,3270.687,552.719,1
