(Theta+Alpha)/Beta,Alpha/Beta,(Theta+Alpha)/(alpha+Beta),Theta/Beta,Class
1.20860181,0.367850918,0.883577146,0.840750893,0
1.243736717,0.491433708,0.833920214,0.752303009,0
1.524909166,0.484664704,1.027106769,1.040244463,0
2.030099477,0.612994613,1.258590364,1.417104864,0
1.6930605,0.612624244,1.049879107,1.080436257,0
2.129031401,0.703494213,1.249802544,1.425537188,0
1.941689198,0.514638847,1.281948632,1.427050351,0
1.044034322,0.411161564,0.739840391,0.632872759,0
1.76870884,0.595824414,1.108335494,1.172884426,0
1.865204699,0.531596608,1.217817204,1.333608091,0
1.644523938,0.527514714,1.076601045,1.117009224,0
1.203655014,0.406050023,0.85605419,0.797604991,0
1.638508189,0.511250464,1.084206906,1.127257725,0
1.855494628,0.582166252,1.172755787,1.273328377,0
1.668116497,0.611527143,1.035115359,1.056589353,0
1.846849119,0.517290454,1.217202095,1.329558665,0
1.734576202,0.495543077,1.159830318,1.239033125,0
1.78762673,0.646511548,1.085705552,1.141115182,0
1.860238461,0.552223708,1.198434511,1.308014753,0
1.605753457,0.630663482,0.984723994,0.975089976,0
2.715470228,0.610117308,1.686504589,2.10535292,0
1.715497549,0.655720177,1.036103548,1.059777372,0
1.231001549,0.514117278,0.813015984,0.716884271,0
1.954860008,0.673501105,1.168125914,1.281358903,0
2.578638456,0.716602705,1.502175459,1.862035751,0
1.523312503,0.524437107,0.999262283,0.998875396,0
1.297835654,0.487848618,0.872290123,0.809987037,0
1.415662819,0.46231995,0.96809376,0.953342869,0
1.820072004,0.535736293,1.185146182,1.284335711,0
1.422638099,0.412108583,1.007456591,1.010529516,0
1.810021402,0.568952446,1.153649625,1.241068955,0
1.661333533,0.396008579,1.190059687,1.265324954,0
1.237423189,0.445478857,0.856064537,0.791944331,0
1.705125604,0.433799372,1.189235842,1.271326232,0
1.442634453,0.516487563,0.951299891,0.926146891,0
1.415481761,0.491107488,0.949282176,0.924374273,0
1.084808432,0.423823435,0.761898144,0.660984997,0
1.628380382,0.537644671,1.059009544,1.090735711,0
1.538192765,0.483152586,1.037110261,1.055040179,0
1.491772763,0.508127623,0.98915552,0.98364514,0
1.409463621,0.491280459,0.945136518,0.918183162,0
0.65772316,0.28442637,0.51207541,0.37329679,0
1.78597516,0.646876259,1.084462266,1.1390989,0
1.66470339,0.452267169,1.146279022,1.212436221,0
1.466739737,0.503316889,0.975669034,0.963422848,0
0.984292504,0.395846725,0.705158013,0.588445778,0
1.06403212,0.403761365,0.757986469,0.660270755,0
1.336670089,0.458763247,0.916303651,0.877906843,0
1.329034547,0.574788031,0.84394504,0.754246517,0
1.947984777,0.567426929,1.242791444,1.380557848,0
1.349529059,0.439022281,0.937809704,0.910506778,0
1.506535933,0.453208172,1.036696573,1.05332776,0
1.449910159,0.490908415,0.972501157,0.959001744,0
1.375828157,0.469751334,0.936095873,0.906076824,0
2.287217519,0.728529798,1.323215557,1.558687721,0
1.43232907,0.476584471,0.970028534,0.955744599,0
1.422306236,0.451075768,0.980173652,0.971230467,0
1.317945249,0.456082283,0.905131025,0.861862966,0
1.623093896,0.511233793,1.074019059,1.111860103,0
1.289845294,0.509889906,0.854264466,0.779955388,0
0.819567049,0.324868227,0.61860269,0.494698822,0
1.433954442,0.48178684,0.967719785,0.952167602,0
0.932559501,0.367155839,0.68211646,0.565403663,0
1.429536053,0.611446257,0.887113701,0.818089795,0
1.3371582,0.476706859,0.905500094,0.860451341,0
1.525134038,0.540625866,0.989944459,0.984508173,0
1.529509898,0.490957413,1.025857536,1.038552486,0
1.900030007,0.59277247,1.192907362,1.307257536,0
1.470262945,0.486439406,0.989117309,0.983823539,0
1.709542739,0.60166026,1.067356656,1.107882479,0
1.644225439,0.579257002,1.041138609,1.064968437,0
1.377118674,0.486480685,0.926428905,0.890637989,0
1.407358166,0.432254452,0.982617414,0.975103714,0
1.648350988,0.526006224,1.080173175,1.122344764,0
0.910537325,0.381942962,0.658881987,0.528594363,0
1.287741609,0.474180876,0.873530263,0.813560733,0
1.694011248,0.531467337,1.106136061,1.162543911,0
1.315951111,0.48277624,0.887491366,0.833174871,0
0.922392479,0.385055159,0.665960827,0.53733732,0
1.339986112,0.545512981,0.867017054,0.79447313,0
1.535000616,0.5023592,1.021726772,1.032641416,0
1.66057789,0.45762872,1.139232417,1.20294917,0
1.451576796,0.424802397,1.018791658,1.026774399,0
1.317420644,0.488993334,0.884772694,0.82842731,0
1.414120803,0.463617629,0.96618186,0.950503174,0
1.280677927,0.439008578,0.889972406,0.841669349,0
1.540217513,0.49989793,1.026881551,1.040319583,0
1.506821501,0.476983235,1.02020217,1.029838266,0
1.431497739,0.523932448,0.939344615,0.907565291,0
1.489422465,0.498472139,0.993960732,0.990950325,0
1.030181298,0.382063072,0.745393839,0.648118227,0
1.837965843,0.528884499,1.202161343,1.309081344,0
1.90553678,0.532775553,1.243193614,1.372761226,0
1.699929964,0.595150101,1.065686523,1.104779864,0
1.653485126,0.558917622,1.060662284,1.094567504,0
2.156006206,0.616846032,1.333464142,1.539160174,0
1.99135169,0.540951883,1.292286743,1.450399807,0
0.918705895,0.404514528,0.654109215,0.514191367,0
1.25951292,0.464940025,0.859770979,0.794572895,0
1.696306667,0.477817971,1.147845472,1.218488696,0
1.402762009,0.424716258,0.984590441,0.97804575,0
1.549040222,0.451329945,1.067324648,1.097710277,0
1.310519044,0.433690892,0.914087584,0.876828151,0
1.50149461,0.491967814,1.00638539,1.009526796,0
1.241282268,0.574079786,0.788576462,0.667202482,0
1.304542149,0.394932895,0.935200649,0.909609254,0
0.713405257,0.284546583,0.555375154,0.428858674,0
1.128637751,0.350346397,0.835813502,0.778291354,0
1.242245873,0.348621034,0.921123015,0.893624838,0
1.225384323,0.41731559,0.864581136,0.808068733,0
1.248816866,0.461014262,0.854760215,0.787802603,0
0.976564655,0.377209976,0.709089152,0.599354678,0
1.566527447,0.535049141,1.020506383,1.031478306,0
1.002410709,0.34920816,0.742962234,0.653202549,0
1.750000752,0.589910998,1.100691016,1.160089754,0
1.895972547,0.54122747,1.230170487,1.354745077,0
1.883178307,0.65698716,1.136507484,1.226191148,0
1.232615029,0.410899065,0.873637994,0.821715963,0
1.945404442,0.627354438,1.195439909,1.318050003,0
1.57086281,0.493321945,1.051925083,1.077540866,0
1.376192723,0.564399168,0.879694103,0.811793555,0
1.6050541,0.573990269,1.01973572,1.031063831,0
1.930120232,0.637854106,1.178444542,1.292266126,0
1.689971906,0.505631507,1.122433941,1.184340399,0
1.677157143,0.502712359,1.11608661,1.174444784,0
1.143865774,0.429701237,0.800073291,0.714164537,0
1.061823148,0.359075707,0.781283296,0.702747441,0
1.305297628,0.408567925,0.926684191,0.896729703,0
1.246314775,0.410353769,0.883689471,0.835961006,0
1.635145207,0.570633127,1.041073933,1.06451208,0
1.135084715,0.485679353,0.764017291,0.649405362,0
0.965374807,0.408171191,0.685552164,0.557203616,0
1.168540368,0.431036862,0.81656902,0.737503506,0
1.588462131,0.496646742,1.061347401,1.091815389,0
1.495022985,0.504684849,0.993578812,0.990338136,0
1.219509332,0.410580861,0.86454408,0.808928472,0
1.403173328,0.488979347,0.942372593,0.914193981,0
1.541340854,0.5323565,1.005863097,1.008984355,0
1.721818941,0.571104258,1.095929142,1.150714683,0
1.459198282,0.431778994,1.019150503,1.027419288,0
1.394741495,0.484664939,0.939431826,0.910076555,0
1.444966852,0.45736726,0.991491227,0.987599593,0
1.480550032,0.498685691,0.987898957,0.98186434,0
2.033142573,0.612348488,1.260982094,1.420794085,0
1.393710923,0.542431242,0.903580585,0.851279681,0
1.38346085,0.490865228,0.927958358,0.892595621,0
1.256828113,0.420873587,0.884546046,0.835954526,0
1.570711992,0.504593678,1.043944299,1.066118315,0
1.267697087,0.399370831,0.905905039,0.868326256,0
2.145683461,0.545159918,1.38864815,1.600523543,0
0.85451589,0.359957458,0.628340162,0.494558432,0
0.950279392,0.336634417,0.710949366,0.613644975,0
1.052447095,0.342352917,0.784031592,0.710094178,0
1.013493142,0.371204748,0.739126045,0.642288394,0
1.30056622,0.468475211,0.885657592,0.832091009,0
1.101670252,0.380053094,0.798281064,0.721617158,0
1.300384698,0.450209469,0.896687496,0.850175229,0
1.306937034,0.46792098,0.890332008,0.839016054,0
1.242159797,0.43916683,0.863110357,0.802992967,0
1.247886544,0.377377233,0.905987492,0.870509311,0
1.139255134,0.44070107,0.790764411,0.698554064,0
1.142038166,0.397319183,0.817306582,0.744718982,0
1.565952218,0.569982355,0.997433004,0.995969862,0
1.212411478,0.43831112,0.842941044,0.774100358,0
1.109802637,0.441413092,0.769940722,0.668389545,0
1.101339919,0.37283568,0.802237249,0.72850424,0
1.461215111,0.500234823,0.973990931,0.960980288,0
1.618857718,0.546729985,1.046632401,1.072127733,0
1.08955222,0.384063451,0.787212623,0.705488769,0
0.854803989,0.323092276,0.646065286,0.531711714,0
1.079876158,0.340921521,0.805323906,0.738954636,0
1.183977427,0.447169967,0.818132945,0.73680746,0
0.669815005,0.28900628,0.519636727,0.380808725,0
0.924815962,0.377669226,0.671290281,0.547146736,0
1.42255448,0.4760047,0.963787229,0.94654978,0
1.489436319,0.518527318,0.980842624,0.970909001,0
1.27251161,0.460736459,0.871143869,0.811775151,0
1.369586521,0.479722569,0.925569799,0.889863952,0
1.136039047,0.460072764,0.778070159,0.675966283,0
1.297211613,0.465839489,0.884961568,0.831372124,0
0.983755079,0.444894407,0.680849116,0.538860672,0
1.366979176,0.438389725,0.950353825,0.928589451,0
0.941269946,0.352001402,0.69620486,0.589268544,0
1.254227039,0.496278837,0.838230822,0.757948202,0
1.835095519,0.52591241,1.202621794,1.309183109,0
1.482488695,0.489808574,0.995086698,0.992680121,0
1.406485221,0.459906991,0.963407416,0.94657823,0
1.491718838,0.411630618,1.056734545,1.08008822,0
1.492243626,0.450311079,1.028912795,1.041932548,0
1.585228996,0.49538021,1.060084242,1.089848786,0
0.901630142,0.369682669,0.658276667,0.531947472,0
1.699810261,0.540118035,1.103688303,1.159692225,0
1.133724102,0.388060976,0.816768227,0.745663126,0
1.42587977,0.561617254,0.913078903,0.864262516,0
1.312521942,0.461542189,0.898039038,0.850979752,0
1.439936086,0.504155634,0.95730525,0.935780451,0
1.257193721,0.456614486,0.863092969,0.800579235,0
1.1908716,0.359823556,0.875754501,0.831048044,0
1.097273973,0.432840758,0.765803155,0.664433215,0
1.17219742,0.357132013,0.863731317,0.815065408,0
1.497278698,0.533170378,0.976589894,0.964108319,0
1.108709226,0.395527669,0.794473123,0.713181557,0
1.70586337,0.592772742,1.071002363,1.113090628,0
1.071283153,0.391878566,0.769667109,0.679404586,0
1.189850429,0.433273716,0.830162736,0.756576713,0
1.378138256,0.398760087,0.985257064,0.979378169,0
1.201731267,0.369645794,0.877402955,0.832085473,0
1.273929815,0.386649988,0.918710436,0.887279828,0
1.234473714,0.448539852,0.852219366,0.785933862,0
0.812976068,0.357266565,0.598980398,0.455709502,0
1.181699516,0.378342472,0.857333747,0.803357044,0
1.38045705,0.468366619,0.940131049,0.912090431,0
1.356467476,0.499139136,0.904830942,0.857328341,0
1.513075758,0.39849332,1.081932775,1.114582439,0
2.7303682,0.696773126,1.609153373,2.033595074,0
0.806572018,0.302831454,0.619091606,0.503740563,0
1.072254402,0.364347236,0.785910195,0.707907166,0
1.395967639,0.531504771,0.911500679,0.864462868,0
1.287224425,0.431836141,0.899002608,0.855388285,0
0.725759989,0.258681004,0.576603593,0.467078985,0
1.390171937,0.353528487,1.027072537,1.036643449,0
1.416070323,0.49460318,0.947455714,0.921467143,0
1.278799531,0.402238334,0.911970169,0.876561197,0
1.204389155,0.42052386,0.847848592,0.783865295,0
1.470080193,0.448078037,1.01519404,1.022002156,0
1.102089159,0.445689382,0.762327768,0.656399778,0
1.268651453,0.4644077,0.866323943,0.804243753,0
1.128849185,0.496512541,0.754319896,0.632336644,0
1.583257622,0.478519492,1.070839871,1.104738129,0
2.368203279,0.541944429,1.535855142,1.82625885,0
0.670225086,0.317055303,0.508881506,0.353169783,0
1.579125916,0.51990758,1.0389618,1.059218335,0
1.016127231,0.376377961,0.738261771,0.63974927,0
1.038682967,0.354902057,0.766611108,0.68378091,0
1.141041539,0.404820569,0.812232938,0.73622097,0
1.156956328,0.329222109,0.870401057,0.827734219,0
1.470428144,0.457570255,1.008821454,1.012857889,0
1.431858946,0.427305413,1.0031903,1.004553532,0
1.346546447,0.452163141,0.927269402,0.894383306,0
1.90002984,0.551954811,1.224281678,1.348075029,0
1.67442524,0.464966565,1.142978468,1.209458675,0
1.653793616,0.456364077,1.135563313,1.197429539,0
1.496183424,0.547415962,0.966891553,0.948767461,0
1.451768865,0.398373432,1.038183959,1.053395433,0
1.475582428,0.439078628,1.025366092,1.0365038,0
1.62653487,0.452892102,1.119515254,1.173642768,0
1.70021083,0.547513525,1.098672679,1.152697305,0
1.892942841,0.471784295,1.286155076,1.421158546,0
1.811446277,0.57001746,1.153774607,1.241428817,0
1.326995028,0.484722058,0.893766628,0.842272969,0
2.014223284,0.558720028,1.292229039,1.455503256,0
1.487879737,0.393966572,1.067371175,1.093913166,0
1.520791713,0.496057304,1.016533063,1.02473441,0
1.429906356,0.500521381,0.952939674,0.929384974,0
1.836808082,0.517545764,1.210380685,1.319262317,0
1.583849767,0.591252438,0.995347897,0.992597329,0
1.693362275,0.424604067,1.188654669,1.268758208,0
1.674301297,0.491074533,1.122882365,1.183226764,0
1.324075273,0.519322143,0.871490802,0.80475313,0
1.581963235,0.471240853,1.075257822,1.110722382,0
1.342154988,0.495804695,0.897279566,0.846350293,0
1.799007387,0.580996677,1.137894477,1.218010709,0
2.160401457,0.614502052,1.33812246,1.545899405,0
2.545584098,0.652207081,1.540717339,1.893377017,0
1.947492863,0.547319639,1.258623502,1.400173224,0
1.919244812,0.580452124,1.214364411,1.338792688,0
1.723910142,0.453306846,1.186198322,1.270603296,0
0.939976338,0.345658741,0.698525049,0.594317597,2
2.026578658,0.567049479,1.293244844,1.459529179,2
1.724283749,0.509365623,1.142389705,1.214918126,2
2.36078535,0.550371661,1.522722202,1.810413689,2
1.61217869,0.4676377,1.098485471,1.14454099,2
1.573360509,0.467133876,1.072404185,1.106226633,2
1.805092513,0.533900683,1.176798819,1.271191829,2
1.290601188,0.453181258,0.888121272,0.83741993,2
1.302787746,0.552483982,0.839163406,0.750303764,2
2.070010561,0.605754899,1.289119879,1.464255662,2
1.75504126,0.617483504,1.085044302,1.137557755,2
1.219992675,0.430801271,0.852663958,0.789191404,2
2.364200173,0.735903047,1.361942522,1.628297126,2
2.716290871,0.684256797,1.612753398,2.032034075,2
1.531169991,0.606530911,0.953090899,0.924639079,2
2.2546069,0.742754795,1.293702881,1.511852104,2
0.842967749,0.294153838,0.651365954,0.548813911,2
1.17087928,0.404438814,0.833699033,0.766440467,2
1.538972625,0.457511923,1.055890248,1.081460702,2
1.733326318,0.55022989,1.118109211,1.183096429,2
1.996907617,0.654100564,1.207246802,1.342807053,2
1.034558094,0.415987545,0.73062655,0.618570549,2
1.494206288,0.451534411,1.029397772,1.042671878,2
1.473106134,0.491094719,0.987935988,0.982011415,2
1.50041811,0.553674487,0.965722307,0.946743623,2
0.752691477,0.366779015,0.55070459,0.385912462,2
1.386386655,0.457947777,0.950916539,0.928438878,2
1.854108587,0.660183124,1.116809682,1.193925464,2
1.701213293,0.593911196,1.067319997,1.107302097,2
1.840606653,0.630648425,1.128757508,1.209958228,2
0.919742365,0.346840738,0.682888733,0.572901627,2
0.789281955,0.324722119,0.595809449,0.464559836,2
1.184059805,0.344998415,0.8803429,0.83906139,2
1.302913813,0.446730452,0.90059196,0.856183361,2
2.067288153,0.573369648,1.313924007,1.493918505,2
0.632354941,0.254251485,0.504169179,0.378103456,2
1.297503067,0.536267812,0.844581301,0.761235255,2
1.430779246,0.471659636,0.972221573,0.95911961,2
1.883053505,0.499655461,1.255657418,1.383398043,2
0.712084467,0.2813481,0.555730692,0.430736366,2
0.865201842,0.385173569,0.624616193,0.480028273,2
1.294207352,0.457388537,0.888031791,0.836818815,2
1.31694672,0.353974195,0.972652746,0.962972524,2
0.866413152,0.385829562,0.625194595,0.480583589,2
0.621899025,0.303807684,0.476986777,0.318091342,2
1.463217292,0.487786912,0.983485794,0.97543038,2
1.648358727,0.616562565,1.019668996,1.031796163,2
1.971380845,0.67653751,1.175864443,1.294843336,2
1.80974171,0.479215595,1.223446884,1.330526115,2
2.38329792,0.713108021,1.391212866,1.670189899,2
0.738223801,0.379415052,0.535171629,0.358808748,2
1.127138281,0.360847407,0.828262063,0.766290874,2
1.9540239,0.51110168,1.293112122,1.44292222,2
2.08727353,0.552631526,1.34434571,1.534642004,2
0.721740384,0.344867939,0.536662644,0.376872444,2
1.122340596,0.430516917,0.784569957,0.691823679,2
1.214609345,0.470239148,0.826130461,0.744370197,2
1.265943868,0.435069271,0.882148266,0.830874598,2
1.944147393,0.502652925,1.293810008,1.441494468,2
1.027074635,0.39494995,0.736280635,0.632124685,2
1.632541197,0.561195309,1.045699527,1.071345887,2
1.043308029,0.354117024,0.770471097,0.689191005,2
0.875126216,0.365340284,0.640958321,0.509785932,2
0.912611195,0.403213729,0.650372196,0.509397466,2
1.788982077,0.567241615,1.141484542,1.221740462,2
2.671739252,0.676510492,1.593631096,1.995228761,2
1.715760665,0.54016625,1.11401004,1.175594415,2
1.417701961,0.544226208,0.918066248,0.873475753,2
0.853766673,0.372674611,0.621973093,0.481092062,2
0.863060446,0.35025272,0.639184378,0.512807726,2
1.075976255,0.366524716,0.787381481,0.709451539,2
1.819259741,0.532970279,1.186754738,1.286289462,2
0.968777997,0.386898569,0.69852116,0.581879428,2
1.335486684,0.444581922,0.924479716,0.890904762,2
1.343717935,0.55747994,0.862751359,0.786237995,2
0.7418208,0.298268627,0.57139238,0.443552173,2
1.029545158,0.400976044,0.734877061,0.628569114,2
1.90991665,0.577963447,1.210368119,1.331953203,2
1.923212657,0.603359421,1.199489417,1.319853236,2
1.00380437,0.38065036,0.727051829,0.62315401,2
0.91476026,0.384425103,0.660750992,0.530335157,2
0.97718322,0.423790791,0.686325004,0.55339243,2
1.223667315,0.435151456,0.852639845,0.788515859,2
2.690313609,0.689378978,1.592486733,2.000934632,2
0.8934349,0.391190943,0.64220868,0.502243956,2
0.756254446,0.308120495,0.578122924,0.44813395,2
1.394635864,0.364429372,1.022138553,1.030206492,2
1.764788431,0.529742916,1.153650337,1.235045515,2
0.844822405,0.358876321,0.62170662,0.485946084,2
1.234866522,0.4403321,0.85734847,0.794534422,2
2.212749727,0.675289289,1.320816495,1.537460437,2
0.79014302,0.353229602,0.583894277,0.436913418,2
1.401218624,0.401681575,0.999669718,0.99953705,2
1.609978345,0.512165184,1.064684178,1.097813162,2
1.515280511,0.552137283,0.97625418,0.963143228,2
2.296974891,0.526757601,1.504479093,1.77021729,2
0.703229864,0.313873006,0.535234274,0.389356858,2
1.003669321,0.346562445,0.745356686,0.657106876,2
1.015377687,0.404525287,0.722933005,0.610852399,2
0.899675641,0.345598508,0.668606301,0.554077133,2
1.231466406,0.413937237,0.870948423,0.817529169,2
1.990431462,0.624459049,1.22528879,1.365972413,2
1.768260548,0.536343572,1.150953849,1.231916976,2
3.030797024,0.742441233,1.739396983,2.288355791,2
3.059891216,0.819610835,1.681618485,2.240280381,2
0.698856457,0.296814605,0.538902364,0.402041851,2
0.99785189,0.394797068,0.715410086,0.603054822,2
1.603960353,0.44797537,1.107726268,1.155984982,2
1.174408875,0.497090258,0.784460969,0.677318617,2
1.045157179,0.46872974,0.711606193,0.576427439,2
1.352825599,0.40759696,0.961088747,0.945228638,2
0.785541087,0.338919526,0.58669776,0.446621561,2
1.816642439,0.534431272,1.183919066,1.282211167,2
0.924383439,0.398583948,0.660942405,0.525799491,2
1.166363901,0.46031034,0.798709609,0.706053561,2
2.072805831,0.566574849,1.323145097,1.506230982,2
2.665169869,0.80918783,1.473130553,1.855982038,2
0.956794085,0.410207984,0.678477286,0.546586101,2
0.951534698,0.409857982,0.674915282,0.541676716,2
1.208643441,0.371848445,0.881032774,0.836794997,2
1.61489309,0.499297451,1.077099871,1.115595639,2
1.465035354,0.511594965,0.969198355,0.953440388,2
1.272364886,0.528637603,0.83235221,0.743727284,2
0.744141799,0.287837268,0.577822849,0.456304531,2
1.067780554,0.376845156,0.775526971,0.690935397,2
1.704366684,0.555067425,1.096008222,1.149299259,2
1.031636808,0.36659933,0.754893395,0.665037478,2
0.660263734,0.288708781,0.512345181,0.371554953,2
0.854698624,0.348927347,0.633613534,0.505771276,2
1.374723675,0.533787288,0.896293564,0.840936386,2
0.798706928,0.355754418,0.589123603,0.44295251,2
1.081791612,0.421178965,0.761193093,0.660612647,2
1.025687615,0.38321495,0.741524385,0.642472665,2
1.212312644,0.456167876,0.832536319,0.756144767,2
1.270671163,0.440267097,0.882246887,0.830404066,2
0.700017102,0.303946981,0.536844759,0.396070122,2
1.088905069,0.301210536,0.836840034,0.787694533,2
1.603287624,0.461920778,1.096699389,1.141366846,2
1.019552542,0.373405011,0.742353883,0.646147531,2
0.810709647,0.345934149,0.602339756,0.464775498,2
1.671559237,0.542936719,1.083362147,1.128622518,2
0.857078176,0.345353378,0.637065465,0.511724798,2
1.20056172,0.39694256,0.859420963,0.80361916,2
0.70115847,0.314093257,0.533568273,0.387065213,2
1.334553469,0.403047423,0.95118201,0.931506045,2
1.902569344,0.570146326,1.211714674,1.332423018,2
2.207719358,0.649286884,1.338590259,1.558432474,2
0.915328204,0.368115804,0.669042928,0.5472124,2
0.851057697,0.402581076,0.60677968,0.448476621,2
0.687525229,0.2992747,0.529160792,0.388250529,2
0.909634971,0.338147467,0.679771844,0.571487504,2
1.520072181,0.515997769,1.002687611,1.004074412,2
1.483166182,0.473920532,1.006272828,1.00924565,2
2.253564339,0.602772781,1.406041059,1.650791558,2
0.984102065,0.318705513,0.746263708,0.665396552,2
1.029009707,0.404280854,0.732766315,0.624728852,2
1.3242222,0.476220397,0.897035567,0.848001804,2
1.26363684,0.411130874,0.895478133,0.852505966,2
0.82521505,0.321738956,0.624340416,0.503476094,2
1.218388869,0.466958573,0.830554381,0.751430296,2
1.19931058,0.428263702,0.839698285,0.771046879,2
1.919215769,0.576147739,1.217662355,1.34306803,2
2.931244449,0.872006325,1.56583042,2.059238124,2
1.607366615,0.531710891,1.049392953,1.075655724,2
1.386295747,0.509523801,0.918366273,0.876771946,2
1.1708412,0.48140656,0.79035778,0.68943464,2
1.63675103,0.598144125,1.024157336,1.038606905,2
1.853372254,0.639821519,1.130228036,1.213550735,2
1.711279705,0.730844093,0.98869662,0.980435612,2
1.042516604,0.40621172,0.741365322,0.636304884,2
1.714559772,0.643929234,1.042964464,1.070630538,2
1.789226229,0.655141711,1.081010899,1.134084518,2
1.184905072,0.444193733,0.820461303,0.740711339,2
2.078393657,0.547095405,1.343416605,1.531298252,2
0.773938326,0.304647723,0.593216324,0.469290603,2
0.839426102,0.348353428,0.622556435,0.491072675,2
1.088246233,0.340233166,0.811982766,0.748013067,2
1.538856412,0.434866843,1.072473323,1.103989568,2
1.003536318,0.381656225,0.726328518,0.621880093,2
1.10477326,0.346254435,0.820627387,0.758518825,2
1.670889654,0.493648467,1.118663254,1.177241187,2
2.200305479,0.588806903,1.384879103,1.611498576,2
1.832353984,0.563933451,1.171631685,1.268420533,2
0.88048314,0.38837426,0.634182847,0.49210888,2
0.657885316,0.305564951,0.503908531,0.352320365,2
1.09258265,0.445215102,0.756000023,0.647367548,2
1.561965197,0.48370725,1.052744871,1.078257947,2
1.612610885,0.534245916,1.051077189,1.078364969,2
1.635053868,0.511687124,1.081608649,1.123366743,2
1.286048888,0.460562491,0.880516169,0.825486398,2
2.120369129,0.640011931,1.2928986,1.480357198,2
0.779165853,0.305984144,0.596612031,0.473181709,2
1.059389726,0.424291547,0.743801175,0.635098179,2
1.138086965,0.409660728,0.807348139,0.728426237,2
2.067839959,0.61370065,1.281427233,1.454139309,2
2.008521593,0.677204985,1.197540915,1.331316608,2
2.694105086,0.727131474,1.559872613,1.966973612,2
1.084668163,0.42100375,0.76331126,0.663664413,2
0.906625982,0.414677007,0.640871363,0.491948975,2
1.433949093,0.534363901,0.934556067,0.899585192,2
0.924217149,0.396225112,0.661939927,0.527992036,2
1.686039754,0.514044415,1.11359993,1.171995339,2
2.692199565,0.754897841,1.534106147,1.937301724,2
2.287806802,0.740235057,1.314653898,1.547571744,2
0.585310956,0.292436836,0.452873935,0.29287412,2
1.003094895,0.396043788,0.718526814,0.607051107,2
1.087745898,0.341562062,0.8108055,0.746183836,2
0.845636528,0.311442087,0.644814237,0.534194441,2
0.899941261,0.369867816,0.656954817,0.530073445,2
2.016323905,0.49514101,1.348584442,1.521182895,2
1.98706555,0.614906697,1.230452232,1.372158853,2
0.842984743,0.360847469,0.619455716,0.482137274,2
1.092413505,0.429116595,0.764397746,0.663296909,2
1.614367517,0.527390248,1.05694502,1.086977269,2
2.732584642,0.825034134,1.497278649,1.907550509,2
0.825779481,0.337427189,0.617438832,0.488352292,2
1.585652832,0.522737118,1.041317515,1.062915714,2
1.838372988,0.600155197,1.148871679,1.238217791,2
0.852945983,0.376680061,0.619567325,0.476265922,2
1.736847999,0.607366068,1.080555347,1.129481932,2
0.873002504,0.34614307,0.648521337,0.526859434,2
1.868477783,0.53999196,1.213303596,1.328485823,2
2.047596267,0.588266423,1.289202011,1.459329844,2
2.443684253,0.756065036,1.391568195,1.687619216,2
0.960235409,0.419546578,0.676438113,0.540688831,2
0.897669095,0.318815296,0.680663242,0.578853799,2
1.827209857,0.662384186,1.099150168,1.164825671,2
2.513481997,0.772941539,1.417690286,1.740540458,2
2.442746743,0.76467896,1.384244272,1.678067783,2
0.620340719,0.287868559,0.481680148,0.33247216,2
1.087707743,0.396490397,0.778886661,0.691217346,2
1.078964803,0.416081173,0.761937114,0.66288363,2
2.418969656,0.670196763,1.448314181,1.748772893,2
0.703306172,0.317528101,0.533807341,0.385778071,2
1.110926064,0.423201899,0.780582196,0.687724165,2
1.169157345,0.363371822,0.857548415,0.805785523,2
1.447488833,0.473573544,0.982298331,0.973915289,2
0.777787486,0.332630666,0.583648197,0.44515682,2
1.409908477,0.480118956,0.9525643,0.929789521,2
1.627702227,0.558459926,1.044429953,1.069242301,2
1.394762855,0.496004409,0.932325364,0.898758446,2
0.892757453,0.398472589,0.638380373,0.494284865,2
1.222115539,0.47393556,0.829151268,0.748179979,2
1.190001518,0.442217801,0.825119144,0.747783717,2
1.860820533,0.566911197,1.187572427,1.293909336,2
1.855716581,0.595933001,1.1627785,1.25978358,2
1.888947682,0.641220348,1.150940935,1.247727334,2
2.44122192,0.666449785,1.464923781,1.774772135,2
0.795142858,0.368077997,0.581211641,0.427064861,2
0.874666203,0.35007598,0.647864429,0.524590224,2
1.398791516,0.481649849,0.944076981,0.917141667,2
1.863578532,0.650341369,1.129207913,1.213237163,2
1.363952661,0.457581716,0.935764113,0.906370945,2
1.31376373,0.508812092,0.870727201,0.804951638,2
1.55951316,0.563346634,0.997547905,0.996166526,2
1.97091629,0.571796767,1.253925655,1.399119524,2
0.765257743,0.298980186,0.589121952,0.466277557,2
0.987209263,0.374657742,0.718149131,0.61255152,2
1.101519789,0.444426875,0.762599899,0.657092914,2
2.190780909,0.609884746,1.3608309,1.580896163,2
2.009532794,0.663036105,1.208351874,1.346496689,2
0.69517866,0.328083465,0.523445008,0.367095195,2
1.890281716,0.61797202,1.168303094,1.272309696,2
1.673100148,0.596568343,1.047935189,1.076531806,2
0.819288234,0.303364246,0.628594989,0.515923988,2
1.301906198,0.460778682,0.891241236,0.841127515,2
0.876940983,0.398550563,0.627035594,0.47839042,2
1.09451668,0.39402807,0.785146801,0.70048861,1
1.215295399,0.419782173,0.855973136,0.795513225,1
1.232983439,0.434370494,0.859598998,0.798612945,1
1.38101634,0.4229385,0.970538319,0.958077839,1
1.261505299,0.420033888,0.888362813,0.841471411,1
1.226460708,0.449844205,0.845925862,0.776616503,1
1.376496563,0.53983383,0.893925394,0.836662733,1
1.193962662,0.366971819,0.873436194,0.826990844,1
1.185604428,0.379964828,0.859155541,0.8056396,1
1.353375857,0.532542507,0.883091889,0.820833351,1
1.261985329,0.403804302,0.898975254,0.858181027,1
1.018224592,0.386829969,0.734210116,0.631394623,1
1.168113192,0.397704617,0.835736806,0.770408575,1
1.335477781,0.444915666,0.924260019,0.890562115,1
1.200986335,0.422454216,0.844305793,0.778532118,1
1.248236192,0.42916852,0.873400285,0.819067672,1
1.116793916,0.345038994,0.830305977,0.771754922,1
1.127814573,0.389162626,0.811866481,0.738651947,1
1.481899686,0.529119539,0.96911958,0.952780147,1
1.273762543,0.404293776,0.907048486,0.869468767,1
1.223842962,0.327100595,0.922193063,0.896742367,1
1.333357334,0.467062845,0.90886177,0.866294489,1
1.153958481,0.456351814,0.792362443,0.697606667,1
1.220014536,0.435543328,0.849862566,0.784471208,1
1.180765614,0.441496678,0.819124756,0.739268936,1
1.083321835,0.365813078,0.793169909,0.717508757,1
1.283965244,0.459487161,0.879737265,0.824478083,1
1.096880394,0.38474877,0.792115088,0.712131623,1
1.351095218,0.46795368,0.920393632,0.883141539,1
1.103477902,0.415980995,0.779302763,0.687496906,1
1.20264045,0.473917134,0.815948483,0.728723316,1
1.549561022,0.559041353,0.993919128,0.99051967,1
1.914774197,0.765481641,1.084561942,1.149292556,1
1.652649122,0.565341153,1.055775681,1.087307969,1
1.613982436,0.547349063,1.043062922,1.066633373,1
1.72301872,0.613534981,1.067853341,1.109483739,1
1.289936256,0.455985128,0.88595428,0.833951128,1
1.743236589,0.60232342,1.087943026,1.14091317,1
1.630067597,0.510646833,1.079052735,1.119420764,1
1.627223553,0.577714133,1.031380476,1.049509421,1
1.384172332,0.499824974,0.922889241,0.884347358,1
1.24692251,0.395691312,0.89340852,0.851231198,1
1.601939206,0.578491733,1.014854352,1.023447472,1
1.413970749,0.551393191,0.911419979,0.862577558,1
1.536591978,0.533666663,1.0019074,1.002925316,1
1.342805543,0.449402802,0.926454359,0.893402741,1
1.447993204,0.538165159,0.941376936,0.909828045,1
1.587935695,0.510285918,1.051413958,1.077649777,1
1.462726504,0.49299213,0.979728208,0.969734374,1
1.541735181,0.515929101,1.017023276,1.025806079,1
1.663742281,0.654327307,1.005691119,1.009414974,1
1.328298965,0.548109523,0.858013561,0.780189441,1
1.635430149,0.571198121,1.040880922,1.064232028,1
1.811126774,0.517858659,1.193211741,1.293268115,1
1.506945846,0.585458758,0.950479373,0.921487087,1
1.908837,0.682732387,1.134367541,1.226104613,1
1.488708825,0.559533627,0.95458591,0.929175199,1
1.51382985,0.510096016,1.00247258,1.003733834,1
1.449569701,0.582477031,0.916013106,0.86709267,1
1.72162693,0.605947713,1.072031745,1.115679216,1
1.237568561,0.450477603,0.853214527,0.787090958,1
1.54129985,0.5101925,1.020598268,1.03110735,1
1.536756593,0.531781133,1.003248154,1.00497546,1
1.13985326,0.407005743,0.810126942,0.732847516,1
1.261470146,0.370856585,0.920205775,0.890613562,1
1.507234918,0.490813165,1.011015299,1.016421753,1
1.72169007,0.674596165,1.028122544,1.047093905,1
1.328533532,0.429430362,0.929414659,0.89910317,1
1.734068992,0.502702198,1.153967163,1.231366794,1
1.521366923,0.466433408,1.037460627,1.054933515,1
1.380894526,0.461674867,0.944734398,0.919219659,1
1.372085551,0.484287022,0.92440716,0.887798529,1
1.369827686,0.417652679,0.966264662,0.952175007,1
1.09471569,0.443899207,0.75816628,0.650816483,1
1.566598295,0.507265612,1.039364451,1.059332683,1
1.41181283,0.474908579,0.957220569,0.936904251,1
1.724053629,0.530680994,1.126331114,1.193372635,1
1.381246984,0.460402798,0.945798642,0.920844186,1
1.250890718,0.378373627,0.907512081,0.872517091,1
1.258714709,0.443350396,0.872078403,0.815364313,1
1.150474434,0.438212486,0.79993356,0.712261948,1
1.384787005,0.495876303,0.925736307,0.888910702,1
1.404276338,0.481805481,0.947679271,0.922470857,1
1.294844563,0.499999276,0.863230125,0.794845287,1
1.753280917,0.543642662,1.135807503,1.209638255,1
1.658159455,0.64522814,1.007859891,1.012931314,1
1.176409071,0.396489723,0.842404388,0.779919348,1
1.52191612,0.514865265,1.004654444,1.007050855,1
1.763940943,0.607206371,1.09751988,1.156734573,1
1.718004817,0.612418571,1.065483149,1.105586246,1
1.174891727,0.450897559,0.809768905,0.723994168,1
1.480818389,0.457622311,1.015913641,1.023196078,1
1.399049168,0.506467728,0.92869508,0.89258144,1
1.347356464,0.469990169,0.916575153,0.877366295,1
1.653463509,0.574347358,1.050253301,1.079116151,1
1.487250089,0.400826556,1.061694671,1.086423534,1
1.349455818,0.448067936,0.931900903,0.901387881,1
1.288839931,0.354123745,0.951788887,0.934716187,1
1.411333363,0.365549214,1.033528011,1.045784149,1
1.313164281,0.40115808,0.937199236,0.912006202,1
1.437491839,0.507338079,0.953662526,0.93015376,1
1.401674041,0.442953692,0.971392255,0.958720348,1
2.009681734,0.567155071,1.282375797,1.442526663,1
1.508354227,0.385749163,1.088475654,1.122605063,1
1.358467422,0.419177446,0.957221682,0.939289976,1
1.212556387,0.37149562,0.884112475,0.841060766,1
0.876360217,0.290187198,0.679250436,0.586173018,1
1.236558716,0.424673148,0.867959587,0.811885569,1
1.040471173,0.340815032,0.775999036,0.69965614,1
1.170688323,0.385011999,0.845255004,0.785676323,1
0.909016756,0.360957213,0.667924566,0.548059543,1
1.121930931,0.344933014,0.834190937,0.776997917,1
1.387303833,0.44625976,0.959235589,0.941044073,1
1.012622272,0.376987758,0.735389452,0.635634514,1
1.413350858,0.469528297,0.961771788,0.943822561,1
1.486773463,0.377057469,1.07967423,1.109715993,1
1.005250415,0.412680873,0.711590589,0.592569542,1
1.444466342,0.454327648,0.993219336,0.990138693,1
1.130893473,0.425353738,0.7934125,0.705539735,1
1.271842951,0.423927665,0.893193511,0.847915286,1
1.39897435,0.457241746,0.960015285,0.941732604,1
2.06177528,0.610293484,1.280372367,1.451481796,1
1.556585477,0.56818465,0.99260344,0.988400828,1
0.963801478,0.394345494,0.691221424,0.569455984,1
1.855608089,0.593250951,1.164667806,1.262357138,1
1.51234374,0.58864609,0.951970203,0.92369765,1
1.688490591,0.500864245,1.125012203,1.187626346,1
1.699455259,0.507554788,1.127292535,1.191900471,1
3.131250788,0.79932919,1.740232307,2.331921598,1
1.497686063,0.462791541,1.023854747,1.034894522,1
0.932166657,0.37203472,0.679404569,0.560131937,1
1.619636078,0.434954379,1.12870214,1.184681699,1
1.456333348,0.491448599,0.976455607,0.964884749,1
1.527507334,0.615899004,0.945298766,0.91160833,1
1.889334853,0.541470232,1.22567067,1.347864621,1
1.513041605,0.500956408,1.008051664,1.012085197,1
1.13751291,0.400091229,0.812456279,0.737421682,1
1.591988909,0.46020599,1.09024954,1.131782918,1
1.558095346,0.453507428,1.071955544,1.104587918,1
1.637397372,0.593149107,1.027774089,1.044248265,1
1.273706807,0.39530999,0.912848626,0.878396818,1
1.422209237,0.436371863,0.99014,0.985837374,1
1.61325746,0.508725385,1.069285024,1.104532075,1
1.30224096,0.478845639,0.88057937,0.823395322,1
1.575849016,0.494512821,1.054423216,1.081336195,1
1.686160383,0.579395375,1.067598658,1.106765008,1
1.855473339,0.538466531,1.206053757,1.317006808,1
1.686428657,0.521349044,1.108508704,1.165079613,1
1.730430233,0.510415992,1.145664666,1.22001424,1
2.007979325,0.611982341,1.245658389,1.395996984,1
1.026410651,0.387618764,0.73969211,0.638791887,1
1.230084287,0.374384066,0.895007675,0.855700221,1
1.603184296,0.474877549,1.086994847,1.128306747,1
1.3696276,0.418742375,0.96538147,0.950885225,1
1.58527425,0.499110466,1.057476607,1.086163784,1
1.331701228,0.448816248,0.919165028,0.882884979,1
1.450757841,0.520330759,0.954238301,0.930427082,1
1.240800655,0.361909854,0.911073998,0.878890802,1
1.408292687,0.451237691,0.970408015,0.957054995,1
1.323769928,0.498239754,0.883550129,0.825530174,1
1.579373958,0.486550968,1.062441849,1.09282299,1
0.749411267,0.328781357,0.563983881,0.42062991,1
1.347150514,0.408430469,0.956490607,0.938720045,1
1.351998513,0.439807786,0.939013198,0.912190727,1
1.055282519,0.375902593,0.766974729,0.679379926,1
1.476275385,0.499129287,0.984755216,0.977146098,1
1.29634937,0.472831491,0.880174941,0.82351788,1
1.243120635,0.404515373,0.885088664,0.838605262,1
1.384775877,0.51075335,0.916612812,0.874022527,1
1.520082043,0.559861293,0.974498214,0.960220751,1
1.341293132,0.505196607,0.891108262,0.836096525,1
1.415412499,0.417973131,0.99819416,0.997439367,1
1.215297109,0.385806749,0.876960016,0.82949036,1
1.149063536,0.42542665,0.806119021,0.723636886,1
1.939555673,0.626520573,1.192456895,1.313035099,1
1.044909329,0.333352073,0.783670982,0.711557256,1
1.37377268,0.485357347,0.924876888,0.888415333,1
1.201859223,0.367501798,0.878872134,0.834357426,1
1.521983662,0.395148374,1.090911684,1.126835288,1
1.258365451,0.37842458,0.912901198,0.879940871,1
1.741932269,0.481527049,1.175768117,1.26040522,1
1.915780743,0.490871307,1.285007455,1.424909437,1
3.497978703,0.876666621,1.863931858,2.621312082,1
2.637567424,0.635554258,1.612644406,2.002013166,1
2.393163089,0.588676217,1.506388189,1.804486872,1
2.043127603,0.504569702,1.357948123,1.538557901,1
1.892597065,0.509304579,1.25395304,1.383292486,1
1.733082343,0.570511934,1.103514278,1.162570409,1
1.883651605,0.60781495,1.171559952,1.275836655,1
1.135495228,0.341761408,0.846272088,0.793733821,1
2.067389215,0.519828897,1.360277607,1.547560318,1
2.861657864,0.702997074,1.680365696,2.15866079,1
2.369272948,0.63458783,1.449462002,1.734685118,1
1.7412842,0.60848624,1.08256083,1.13279796,1
1.940622392,0.574055477,1.232880557,1.366566916,1
2.603824913,0.744897828,1.492250647,1.858927084,1
2.264719632,0.57630917,1.436722996,1.688410463,1
2.370993571,0.643996847,1.442212967,1.726996724,1
1.925367886,0.600524435,1.202960632,1.324843451,1
2.344580022,0.584017605,1.480147704,1.760562416,1
2.07009648,0.571359932,1.317391667,1.498736549,1
2.794654551,0.649162883,1.69458977,2.145491668,1
1.923331454,0.558891563,1.233781424,1.36443989,1
2.197659261,0.598119479,1.375153291,1.599539782,1
2.054885237,0.566919766,1.311417012,1.487965471,1
2.542810657,0.649936634,1.541156554,1.892874023,1
2.974489429,0.586722902,1.87461177,2.387766527,1
2.493293437,0.649026095,1.51197937,1.844267342,1
1.522270169,0.650653805,0.922222555,0.871616364,1
1.489339217,0.439365279,1.034719427,1.049973937,1
2.292459745,0.626230876,1.409676682,1.666228869,1
2.789539711,0.734798481,1.607990635,2.05474123,1
2.352420449,0.604529809,1.466112026,1.74789064,1
1.993637243,0.588768751,1.254831606,1.404868492,1
2.167178367,0.805033142,1.20063079,1.362145226,1
2.216090397,0.609550653,1.376837935,1.606539744,1
2.465700696,0.673404923,1.473463274,1.792295773,1
2.022204705,0.597711419,1.265688335,1.424493287,1
2.106115535,0.582127704,1.331191869,1.523987831,1
2.381980035,0.654115038,1.440032876,1.727864998,1
1.795635153,0.525874451,1.17679089,1.269760702,1
1.601423239,0.529027945,1.047347267,1.072395294,1
1.726636464,0.581211637,1.091970501,1.145424827,1
1.611530826,0.557287521,1.034831914,1.054243305,1
1.238050853,0.442824065,0.858074718,0.795226788,1
1.844603153,0.551456926,1.188948995,1.293146227,1
1.050113614,0.419783986,0.739629143,0.630329627,1
1.609772397,0.501916368,1.071812274,1.107856029,1
1.316148263,0.402545272,0.938399843,0.913602991,1
1.313078437,0.478560867,0.888078717,0.834517571,1
2.01223953,0.53742519,1.308837362,1.47481434,1
1.438096792,0.532801728,0.93821449,0.905295064,1
1.701150563,0.639318507,1.037718147,1.061832056,1
1.719639687,0.52837754,1.125140642,1.191262147,1
2.060053098,0.640176276,1.255994937,1.419876822,1
2.31594939,0.635251717,1.416264766,1.680697674,1
1.324270496,0.462330445,0.905589089,0.861940051,1
1.82032981,0.520801119,1.196954544,1.299528691,1
1.005142161,0.409304645,0.713218511,0.595837516,1
1.6321431,0.528625251,1.067719573,1.103517849,1
1.071443082,0.374220567,0.779673298,0.697222515,1
1.79258574,0.525436553,1.175129661,1.267149187,1
1.824832055,0.490496883,1.224311219,1.334335172,1
1.619020725,0.466538076,1.103974558,1.152482649,1
1.561937099,0.650659808,0.946250155,0.911277292,1
1.305356003,0.504512849,0.867627022,0.800843154,1
2.059500038,0.601166762,1.286249557,1.458333276,1
1.648736463,0.500609391,1.098711278,1.148127071,1
1.448137012,0.424008445,1.016944118,1.024128567,1
1.510890663,0.536443536,0.983368817,0.974447127,1
1.504383264,0.528201561,0.984414165,0.976181703,1
1.916181372,0.534046614,1.249102443,1.382134759,1
0.987174717,0.364888544,0.723263977,0.622286173,1
1.580753512,0.447844513,1.09179784,1.132908998,1
1.692240216,0.585389129,1.067397388,1.106851086,1
1.366319681,0.502373418,0.909440798,0.863946262,1
1.592236958,0.482802304,1.073802592,1.109434654,1
1.472984945,0.518208148,0.970212778,0.954776797,1
1.6146841,0.551052152,1.041025022,1.063631948,1
1.898078953,0.555537399,1.220207855,1.342541554,1
1.354923019,0.483891253,0.913087813,0.871031766,1
1.740875116,0.562474643,1.114178156,1.178400473,1
1.689684324,0.644891652,1.027231382,1.044792673,1
1.803626129,0.593728353,1.131702354,1.209897776,1
2.03956238,0.634007062,1.248196796,1.405555318,1
1.859829596,0.612710232,1.153232341,1.247119364,1
1.628035278,0.6372195,0.994390354,0.990815778,1
