Rdelta,Rtheta,Ralpha,Rbeta,MedianNN,MeanNN,SDNN,MedianX,MeanX,SDX,Class
0.743037607,0.08020347,0.052392039,0.106610594,641,642.667,23.4,36.8,36.776,0.103,0
0.702372442,0.114125849,0.053172858,0.109710605,622,624.417,19.543,36.95,36.936,0.043,0
0.62033809,0.167035897,0.07225443,0.117871232,621.5,621.083,19.839,36.22,36.257,0.244,0
0.75719251,0.090378895,0.051246246,0.083650372,621,619.417,15.091,36.22,36.19,0.175,0
0.652563033,0.147962578,0.073018661,0.10379426,621.5,629.5,20.855,36.8,36.749,0.067,0
0.712715176,0.130172962,0.046944429,0.091218199,641,637.75,40.575,36.95,36.882,0.075,0
0.679304416,0.090518885,0.05880785,0.143028569,651,657.833,29.109,36.95,36.936,0.043,0
0.761713737,0.094579727,0.048046431,0.080638574,651,646.167,22.067,36.95,36.95,0,0
0.677793876,0.139872636,0.055755375,0.104882864,641,639.5,23.764,36.95,36.95,0,0
0.792530195,0.081793681,0.038627586,0.07322561,641,644.5,24.527,36.95,36.95,0,0
0.71230927,0.093692404,0.047697549,0.117467174,661.5,659.583,23.489,36.51,36.564,0.273,0
0.79053008,0.083422342,0.037834925,0.074004675,651,642.833,42,36.07,36.015,0.096,0
0.770614527,0.095489798,0.043657974,0.07499228,611,627.75,38.702,35.92,35.869,0.067,0
0.709692135,0.106332968,0.061542827,0.100637932,671,666.25,54.154,35.78,35.766,0.043,0
0.69706391,0.131345073,0.051102335,0.098788475,661,674.583,53.783,35.63,35.671,0.067,0
0.671772913,0.136751492,0.054692852,0.11036952,641,652.75,32.283,35.63,35.616,0.1,0
0.675488841,0.122788241,0.069567049,0.107603722,631.5,632.833,34.212,35.34,36.564,1.397,0
0.725427609,0.116261475,0.049083806,0.088883917,651.5,651.25,47.978,37.98,38.031,0.067,0
0.833903797,0.057235842,0.037018692,0.058698011,650.5,654.5,27.473,37.98,37.98,0,0
0.753387742,0.131251396,0.038035784,0.062341755,641.5,644.5,16.065,37.98,37.98,0,0
0.809552709,0.068941161,0.042656233,0.065052494,641,646.167,27.331,38.12,38.095,0.054,0
0.802886772,0.079986338,0.042041997,0.062423056,660,646.083,21.785,38.12,38.095,0.054,0
0.785569019,0.078708931,0.041324357,0.078797547,641.5,644.583,29.287,38.12,38.12,0,0
0.643554077,0.115395039,0.069501495,0.142465291,622,637.833,27.76,38.12,38.12,0,0
0.650033805,0.127482262,0.061822032,0.133721315,641,639.417,19.272,38.12,38.107,0.04,0
0.75273981,0.107573107,0.033667141,0.08501619,621.5,629.5,19.449,38.12,38.188,0.075,0
0.710906763,0.0932989,0.052481829,0.117809922,671,676.167,36.701,38.27,38.27,0,0
0.782930915,0.09383966,0.03201978,0.073812416,671,672.833,27.574,38.27,38.284,0.043,0
0.745181241,0.090030576,0.050207665,0.097209824,661,662.75,26.221,38.27,38.297,0.058,0
0.757743074,0.085550193,0.045451655,0.092549301,641.5,652.833,23.671,38.42,38.352,0.075,0
0.767972432,0.088281284,0.043515548,0.080937374,650.5,651.083,30.151,38.27,38.311,0.067,0
0.628181779,0.142403384,0.065213216,0.134974371,660.5,652.75,45.668,38.27,38.284,0.043,0
0.688928693,0.112576859,0.058154521,0.114448651,641.5,664.417,35.38,38.27,38.311,0.067,0
0.563893812,0.152373875,0.08152873,0.165951502,681,686.083,27.284,38.27,38.284,0.043,0
0.783484054,0.091056607,0.033966252,0.075102183,651.5,659.417,39.763,38.27,38.27,0,0
0.607471418,0.141612746,0.073982143,0.146989192,641,654.333,24.948,38.27,38.284,0.043,0
0.542684749,0.120870764,0.081309609,0.205406799,641,656.083,45.966,38.27,38.297,0.058,0
0.642041518,0.105750987,0.064667657,0.160163063,680.5,677.75,38.121,38.27,38.311,0.067,0
0.603267874,0.138882914,0.072575327,0.158197781,651,657.667,26.697,38.27,38.27,0,0
0.657067668,0.102767056,0.078315607,0.136251284,621,617.75,21.284,38.27,38.27,0,0
0.595179248,0.177606843,0.072998683,0.128648606,621,626.083,27.226,38.27,38.27,0,0
0.746464873,0.089365469,0.043089665,0.098149153,621.5,631.25,19.46,38.27,38.27,0,0
0.829854074,0.065743922,0.02828719,0.062415446,650.5,649.417,26.26,38.27,38.27,0,0
0.73030197,0.096221862,0.049255512,0.10033544,641,637.833,27.934,38.27,38.27,0,0
0.754950698,0.086454382,0.044821874,0.095416172,641,636.167,30.884,38.27,38.27,0,0
0.620437448,0.135861386,0.067747625,0.142152397,581.5,592.833,36.794,38.27,38.243,0.058,0
0.813235995,0.068084097,0.031620802,0.070100866,660.5,666.167,44.238,38.27,38.27,0,0
0.614678488,0.150272528,0.069095379,0.135154169,681,681.167,27.086,38.27,38.27,0,0
0.779609462,0.066939635,0.043761278,0.085824954,700.5,699.5,34.279,38.27,38.202,0.075,0
0.680486761,0.112773692,0.057062307,0.118438909,661,659.5,23.694,38.12,38.134,0.043,0
0.542016664,0.155951016,0.086399911,0.181243272,660.5,657.833,24.368,38.12,38.134,0.043,0
0.572540396,0.152138811,0.083544432,0.154532806,662,667.833,24.572,38.12,38.12,0,0
0.68859883,0.118262283,0.055906413,0.113872226,671.5,674.417,23.669,38.27,38.229,0.067,0
0.74024887,0.095615523,0.047275915,0.097187676,661.5,667.833,36.06,38.27,38.256,0.043,0
0.713851309,0.107641228,0.058456967,0.097159428,661,656.25,20.36,38.27,38.229,0.067,0
0.744444725,0.093663474,0.050945381,0.08794953,681.5,686.167,30.61,38.27,38.27,0,0
0.817276983,0.06168061,0.033690933,0.069254411,621,622.75,23.675,36.07,36.577,0.986,0
0.665731602,0.125712145,0.055727031,0.12892182,620.5,619.5,23.764,36.07,36.015,0.072,0
0.680914693,0.1256207,0.058874307,0.111927015,662,661.167,23.248,36.07,36.002,0.075,0
0.714586158,0.093492858,0.054491968,0.114918105,671,669.417,32.035,36.07,36.002,0.075,0
0.684630084,0.126694036,0.057919311,0.108980001,641,659.583,38.793,35.92,35.988,0.098,0
0.65947313,0.113489498,0.065760544,0.136213299,671.5,667.833,24.969,35.92,35.975,0.072,0
0.730905796,0.068018404,0.048741891,0.126584179,661.5,657.833,26.897,36.07,36.015,0.096,0
0.613828656,0.120227572,0.082552447,0.151329941,641,654.5,27.53,36.07,36.029,0.092,0
0.675586671,0.120793222,0.058763464,0.116974992,641,631.083,17.279,35.92,35.961,0.067,0
0.661193675,0.140729949,0.053536815,0.116987445,641,631.167,22.214,35.92,35.975,0.072,0
0.703888297,0.111945986,0.046314871,0.109026858,632,637.833,28.296,35.92,35.961,0.067,0
0.669109088,0.107814085,0.0636391,0.130143084,661.5,661.167,25.761,36.07,36.043,0.086,0
0.537278568,0.168082492,0.081983952,0.176835277,671.5,674.417,22.07,36.07,36.002,0.075,0
0.563820999,0.145513541,0.075898799,0.172886824,661,666.083,31.001,35.92,35.961,0.067,0
0.564740576,0.163888676,0.078752348,0.157536855,661,656.25,23.188,36.07,36.002,0.075,0
0.775317317,0.084637398,0.039200932,0.082185136,651,652.833,23.604,35.92,35.961,0.067,0
0.670591742,0.11308316,0.065282286,0.124600578,681,681.25,33.571,35.92,35.975,0.072,0
0.670771934,0.120002961,0.060364411,0.121098867,681,682.833,31.68,36.07,36.07,0.128,0
0.823240575,0.076391841,0.030863216,0.058355305,681,681.167,28.112,36.07,36.084,0.1,0
0.656207609,0.151298111,0.05871956,0.110214441,671.5,668,26.169,36.07,36.084,0.1,0
0.67329788,0.124595657,0.067120266,0.112778718,671.5,674.5,47.867,36.22,37.497,1.836,0
0.606359522,0.149324332,0.076249295,0.136423136,702,701.167,26.842,39.44,39.456,0.159,0
0.754942248,0.111448699,0.044665064,0.072408773,681,682.833,26.207,39,38.976,0.136,0
0.697814738,0.097091191,0.056812385,0.122192932,661,664.583,29.227,38.56,38.551,0.17,0
0.608105026,0.164342875,0.06444539,0.134874353,641.5,644.583,24.513,38.12,38.189,0.169,0
0.808034265,0.071174012,0.030907307,0.07277166,662,674.5,25.979,37.83,37.948,0.162,0
0.748497732,0.099731465,0.04100517,0.090854087,661.5,667.833,19.074,37.68,37.71,0.137,0
0.738924447,0.089765665,0.044399294,0.102375437,641.5,661.25,43.405,37.54,37.565,0.082,0
0.724206916,0.102009852,0.049711968,0.101047196,671,677.917,61.355,37.24,37.229,0.097,0
0.64951817,0.094713604,0.08149425,0.141956313,681.5,687.75,28.659,37.24,37.189,0.143,0
0.770520806,0.083403064,0.036211828,0.09169109,701,691.167,27.994,36.95,36.964,0.1,0
0.695514607,0.100772092,0.045362369,0.129478622,701,704.5,39.003,36.8,36.803,0.107,0
0.628743036,0.133249294,0.051983231,0.149111001,691,692.833,43.326,36.66,36.725,0.094,0
0.547263878,0.148954311,0.076925333,0.184333715,681,682.75,20.989,36.8,36.736,0.07,0
0.509655146,0.155513657,0.091005048,0.197401807,641,641.25,31.626,36.66,37.564,1.324,0
0.720148287,0.076219338,0.047969417,0.127169005,651,656.083,44.34,38.86,38.978,0.136,0
0.770652725,0.08509926,0.044142747,0.08250223,661,656.25,49.644,38.86,38.83,0.121,0
0.630718812,0.108382691,0.057942395,0.16592509,690.5,694.417,53.607,38.71,38.791,0.096,0
0.796533902,0.080197755,0.040780929,0.069130647,701.5,699.583,50.515,38.56,38.564,0.153,0
0.676356157,0.140881812,0.056282992,0.103991381,661,659.5,34.175,38.56,38.551,0.13,0
0.709427194,0.114838016,0.061529642,0.093654253,661.5,652.75,51.339,38.42,38.417,0.107,0
0.583197619,0.140157798,0.070085907,0.170567209,700.5,691.25,43.995,38.27,38.325,0.072,0
0.71906172,0.116206283,0.055310896,0.088165307,700.5,699.583,48.736,38.27,38.27,0.143,0
0.617496469,0.149410857,0.068403582,0.13865911,660.5,642.75,56.81,38.27,38.695,0.732,0
0.69815197,0.123291405,0.060855831,0.095407132,661,664.417,35.476,39.74,39.764,0.103,0
0.794363538,0.084532569,0.036089565,0.07137523,661,657.833,19.924,39.59,39.616,0.153,0
0.732088566,0.109924484,0.047052358,0.093596979,661.5,659.583,41.252,39.59,39.485,0.14,0
0.721340952,0.0854786,0.04367613,0.121634879,651,649.417,24.005,39.3,39.284,0.145,0
0.669586785,0.116821128,0.053226034,0.130274628,621,634.5,26.421,39.15,39.15,0.128,0
0.783493019,0.073514187,0.036086401,0.087939732,621,627.75,22.174,39.15,39.071,0.144,0
0.758731962,0.088399287,0.047386556,0.083042071,631.5,639.5,28.774,38.86,38.845,0.097,0
0.517907526,0.133053908,0.099508781,0.204885756,641,639.5,20.528,38.71,38.803,0.128,0
0.613231506,0.120405232,0.070371318,0.163260556,650.5,654.5,27.412,38.86,38.777,0.132,0
0.575184753,0.164712368,0.074924627,0.150861006,660.5,662.917,36.057,38.71,38.697,0.148,0
0.57672729,0.152574467,0.077753263,0.154063003,641.5,649.417,34.779,38.42,38.511,0.111,0
0.663015223,0.111505293,0.056595782,0.137843205,641.5,657.833,54.53,38.56,38.549,0.159,0
0.699886548,0.104773188,0.056040541,0.114607173,661.5,667.833,40.214,38.42,38.403,0.131,0
0.586323652,0.151973895,0.08018389,0.150620666,681.5,694.417,42.037,38.49,38.928,0.787,0
0.78349261,0.083840125,0.041610186,0.072859177,662,662.917,26.459,39.74,39.709,0.088,0
0.575091405,0.16416332,0.0689906,0.159782205,692,686.167,46.519,39.59,39.517,0.209,0
0.822445648,0.061580767,0.032795086,0.06766548,660.5,659.5,32.533,39.3,39.312,0.189,0
0.747222243,0.093284724,0.04320109,0.094456017,631.5,631.167,23.611,39.15,39.121,0.214,0
0.747912305,0.092090169,0.046772296,0.093791133,621.5,622.833,25.238,38.86,38.931,0.096,0
0.609695784,0.171448134,0.073892485,0.120670642,641.5,656.167,50.468,38.86,38.828,0.109,0
0.578542047,0.138754928,0.08841396,0.1629957,641,657.833,55.828,38.785,38.712,0.174,0
0.553194424,0.154492199,0.084959915,0.173081959,681,679.583,39.645,38.56,38.621,0.118,0
0.567446769,0.149124484,0.075078912,0.178388273,691,701.083,35.694,38.49,38.505,0.149,0
0.490948199,0.195151081,0.092364985,0.18304824,662,674.5,35.38,38.42,38.446,0.143,0
0.642509409,0.170800853,0.058177076,0.106715615,681,686.167,21.61,38.195,38.255,0.211,0
0.628359861,0.103603462,0.056834966,0.168832902,681,666.167,50.532,38.27,38.241,0.145,0
0.674203301,0.10192689,0.049141324,0.14353996,721,712.75,28.911,38.27,38.226,0.115,0
0.493120858,0.14585397,0.084294978,0.227084859,661,657.667,61.693,37.98,38.066,0.116,0
0.602762618,0.131149889,0.073838644,0.157614837,701,704.5,55.36,37.98,37.964,0.079,0
0.606556375,0.122756792,0.064652147,0.17011346,711,707.75,38.704,37.98,37.993,0.121,0
0.698543749,0.100242694,0.053083422,0.117908274,711.5,709.417,31.025,37.98,37.977,0.161,0
0.582449583,0.138047188,0.076989201,0.16453462,671.5,672.75,31.183,37.83,37.786,0.16,0
0.60012264,0.132711177,0.072581392,0.16527066,651,649.333,33.124,39.295,39.31,1.542,0
0.675630892,0.11524838,0.049961688,0.132391898,631,644.167,52.029,40.91,40.85,0.073,0
0.649980494,0.104483786,0.065916324,0.14957151,691,697.833,27.991,40.91,40.865,0.069,0
0.744821451,0.08993299,0.051467639,0.090296899,691.5,694.5,39.643,40.91,40.91,0,0
0.521717942,0.149870671,0.084859774,0.193606255,681,682.75,27.52,40.91,40.865,0.069,0
0.70880849,0.082737392,0.054640843,0.123786185,661.5,666.167,30.446,40.91,40.85,0.073,0
0.638046998,0.112913153,0.057786969,0.154993131,661,671.167,25.308,40.76,40.806,0.094,0
0.735089292,0.096036993,0.04999171,0.099936485,661,667.833,28.754,40.76,40.82,0.073,0
0.770278966,0.087450935,0.044595478,0.081567646,661.5,659.417,27.828,40.76,40.776,0.079,0
0.783551996,0.065520346,0.035668846,0.092872274,621,632.833,30.058,40.91,40.85,0.073,0
0.635893584,0.117623057,0.054266162,0.159174937,641,644.5,32.783,40.76,40.763,0.112,0
0.52771529,0.142427029,0.086439257,0.193302913,681,661.25,37.375,40.76,40.734,0.108,0
0.672477636,0.083707054,0.057778977,0.15298831,652,666.167,48.995,40.76,40.792,0.109,0
0.641604129,0.127040616,0.063886688,0.134214405,631.5,621.167,23.104,40.91,40.85,0.073,0
0.703841663,0.105983813,0.056602115,0.109159368,711,702.833,51.125,40.76,40.761,0.065,0
0.550483651,0.146728847,0.083278392,0.180750602,681.5,694.5,46.491,40.76,40.777,0.102,0
0.576004883,0.145509107,0.078443454,0.163518374,681,689.417,36.091,40.76,40.747,0.077,0
0.755473513,0.070497194,0.047981445,0.104290992,681,684.5,30.187,40.62,40.706,0.116,0
0.500181216,0.165221262,0.092577783,0.198733223,681.5,679.583,36.174,40.69,40.69,0.07,0
0.705023998,0.105100068,0.049618041,0.113182491,691,684.5,21.403,40.76,40.748,0.101,0
0.627783926,0.100573579,0.060077941,0.170675288,681.5,688.083,23.461,40.62,40.619,0.065,0
0.665502104,0.103502734,0.067770089,0.136556475,691,691.167,46.553,40.62,40.605,0.045,0
0.711763381,0.121331963,0.048740306,0.092677611,660.5,662.917,55.889,40.62,40.662,0.064,0
0.638041344,0.132744676,0.065498925,0.133723516,731,724.583,28.064,40.62,40.648,0.109,0
0.714549656,0.101943782,0.049530675,0.107697155,721,711.083,36.312,40.62,40.59,0.06,0
0.710441512,0.116189198,0.044280671,0.107573803,701.5,714.583,34.048,40.62,40.634,0.042,0
0.556121332,0.170806553,0.073820597,0.163932448,690.5,689.583,49.5,40.62,40.619,0.065,0
0.5848445,0.161142098,0.07324558,0.147857299,681,679.417,36.024,40.47,40.515,0.096,0
0.549358848,0.114533707,0.079596442,0.215310181,701,696.083,37.81,40.47,40.544,0.098,0
0.767709462,0.073055361,0.038019762,0.097973681,681,664.25,47.746,40.62,40.529,0.151,0
0.777630943,0.072804032,0.0473097,0.084238331,681,689.333,31.213,40.62,40.589,0.088,0
0.810658022,0.064154077,0.034794968,0.075388488,681,679.417,27.831,40.545,40.559,0.097,0
0.735113684,0.093604232,0.050429672,0.100027984,621.5,626.083,27.345,40.47,40.53,0.073,0
0.802848097,0.063901624,0.03644662,0.079819238,641,644.417,59.542,40.47,40.515,0.069,0
0.639900345,0.123438189,0.053445728,0.148533156,681,674.417,32.92,40.47,40.47,0.095,0
0.450881721,0.158016279,0.102938692,0.237821161,691.5,696.167,50.501,40.395,40.395,0.075,0
0.765412573,0.081418207,0.045025829,0.084449232,691.5,684.5,44.401,40.47,40.41,0.073,0
0.562591282,0.133177347,0.073859629,0.186736947,711.5,706.167,51.902,40.32,40.336,0.079,0
0.762800988,0.089519859,0.047673506,0.080424592,701.5,696.167,50.401,40.32,40.336,0.079,0
0.666626071,0.099194682,0.057215201,0.146002374,691.5,701.167,46.047,40.32,40.38,0.12,0
0.79698435,0.063062868,0.036114623,0.083352906,721,713,46.687,40.395,40.396,0.119,0
0.816982519,0.066803463,0.027199457,0.06821008,711,717.833,43.091,40.32,40.366,0.094,0
0.802254475,0.066537373,0.029558574,0.07996459,701,696.083,33.802,40.32,40.381,0.118,0
0.772597602,0.080645372,0.035142839,0.090890573,660.5,667.917,29.711,40.32,40.308,0.101,0
0.608944596,0.125523482,0.071637432,0.159712525,681,681.167,31.363,40.32,40.294,0.143,0
0.737829401,0.087722902,0.041313262,0.109195411,681,686.083,29.573,40.32,40.264,0.116,0
0.62828345,0.130422492,0.06697312,0.14299294,691,691.25,35.429,40.18,40.236,0.116,0
0.784795245,0.070127452,0.040828413,0.08179766,700.5,691.083,27.846,40.32,40.324,0.13,0
0.595023997,0.164588189,0.058844722,0.147668026,691.5,682.833,23.811,40.32,40.293,0.086,0
0.616522076,0.196281954,0.067252322,0.096519684,691,696.083,21.899,40.32,40.322,0.131,0
0.50944288,0.152690907,0.078587296,0.215693405,661,666.25,30.652,40.32,40.294,0.108,0
0.601693156,0.129576255,0.079668428,0.149892216,710.5,701.167,31.419,40.32,40.351,0.088,0
0.636639484,0.122936377,0.062063477,0.143719968,681.5,697.75,47.396,40.32,40.351,0.088,0
0.722102785,0.111399947,0.037990936,0.107462163,711,714.5,27.293,40.32,40.352,0.128,0
0.817882477,0.063079079,0.033858085,0.068455049,691,694.5,34.856,40.32,40.308,0.166,0
0.751802288,0.087367477,0.04009138,0.09967071,681,677.833,28.109,40.32,40.307,0.077,0
0.764927852,0.076241496,0.04090163,0.097263518,641,647.833,17.425,40.32,40.308,0.101,0
0.796673943,0.075829166,0.033245902,0.074196679,671,687.917,62.604,40.32,40.279,0.092,0
0.744765959,0.08142025,0.047015834,0.101238275,690.5,701.083,36.383,40.25,40.25,0.07,0
0.531154833,0.185950391,0.080544777,0.168320787,681.5,674.333,61.531,40.18,40.193,0.121,0
0.796776581,0.076534722,0.037566365,0.072255851,690.5,691,44.127,40.18,40.222,0.064,0
0.630622434,0.105119831,0.061844209,0.164314109,710.5,702.833,33.221,40.25,40.25,0.07,0
0.738848113,0.077757984,0.040358641,0.113717688,661,671.083,32.224,40.32,40.293,0.086,0
0.768348518,0.071650672,0.039398044,0.097322238,671.5,677.833,45.391,40.32,40.351,0.088,0
0.641558456,0.124398573,0.049478153,0.150288064,671.5,686.167,38.604,40.32,40.306,0.102,0
0.555261298,0.166883579,0.075391585,0.164765048,721,706.25,44.153,40.32,40.294,0.108,0
0.73973155,0.098517651,0.041906304,0.098071082,700,704.333,33.505,40.32,40.292,0.109,0
0.745021628,0.089439684,0.045216998,0.100001513,682,706.25,32.752,40.32,40.38,0.073,0
0.794482031,0.088458483,0.036218374,0.065618368,680.5,677.833,57.157,40.32,40.321,0.065,0
0.780172292,0.092133577,0.035420005,0.076177532,701.5,691.083,52.462,40.32,40.307,0.077,0
0.801214199,0.082877226,0.03158615,0.069212612,710.5,711.167,33.573,40.32,40.323,0.112,0
0.76578005,0.082870362,0.047814202,0.087345282,690.5,701.25,42.431,40.32,40.279,0.092,0
0.790811366,0.082985594,0.031383519,0.078779147,701,706.25,38.467,40.32,40.336,0.079,0
0.642506947,0.137775034,0.05836358,0.132922845,711,707.667,48.743,40.32,40.336,0.079,0
0.791247107,0.086148043,0.033243308,0.07340227,740.5,729.5,38.578,40.32,40.351,0.088,0
0.716502792,0.112479289,0.053425936,0.097579207,702,711.167,34.119,40.395,40.425,0.117,0
0.708065763,0.133198346,0.04421807,0.093725184,741.5,734.5,39.557,40.32,40.321,0.065,0
0.775761523,0.09169723,0.042103922,0.073864267,720.5,716.167,36.108,40.32,40.352,0.128,0
0.792979212,0.083218368,0.029970619,0.076074016,741,737.917,29.398,40.32,40.322,0.092,0
0.713104365,0.107993721,0.052278008,0.105387035,721,719.333,38.786,40.32,40.395,0.101,0
0.570879293,0.153049011,0.082424727,0.164677734,742,738.083,34.381,40.32,40.336,0.079,0
0.819948155,0.07793881,0.030575345,0.059077568,730.5,731.167,36.106,40.32,40.307,0.077,0
0.817282373,0.065099307,0.038777179,0.06558481,700.5,691.167,45.208,40.32,40.366,0.094,0
0.792744875,0.089851858,0.030069925,0.07081874,601.5,617.75,34.395,40.32,40.321,0.065,0
0.808204242,0.078607584,0.032624501,0.066434927,681,671.083,61.415,40.32,40.337,0.102,0
0.703964409,0.118174055,0.050137139,0.106393872,671,671.083,41.616,40.32,40.38,0.073,0
0.662296227,0.110879492,0.064954869,0.131008984,711.5,722.75,46.447,40.32,40.279,0.092,0
0.800513784,0.080273153,0.038290661,0.065905129,701.5,706,30.962,40.32,40.308,0.101,0
0.761535482,0.109546849,0.043545371,0.070862857,711,706.25,29.544,40.25,40.265,0.095,0
0.729211356,0.135472394,0.046665854,0.07155067,681.5,704.417,38.237,40.32,40.322,0.092,0
0.850180693,0.065641971,0.025659068,0.046881322,681,686,37.399,40.32,40.335,0.045,0
0.626368442,0.158185173,0.068583374,0.118155092,710.5,712.917,32.382,40.32,40.351,0.088,0
0.72715031,0.089488312,0.048673243,0.112054672,771,767.1,51.335,42.67,42.67,0.095,1
0.560267926,0.163527516,0.072188375,0.170682912,781,775.3,45.78,42.67,42.7,0.112,1
0.77282692,0.077290607,0.038580841,0.091851733,801.5,797.2,46.456,42.67,42.7,0.06,1
0.740181319,0.082325072,0.047685642,0.106004793,761,787.3,73.736,42.52,42.58,0.073,1
0.7569009,0.08422358,0.037373667,0.101843425,750,761.1,64.068,42.67,42.7,0.06,1
0.638486222,0.122365587,0.057711437,0.151886262,821,831.2,70.144,42.67,42.7,0.112,1
0.768019942,0.074296242,0.048202119,0.090513187,801.5,803.2,56.101,42.67,42.64,0.06,1
0.529837774,0.164783554,0.077536447,0.192014911,821,811.2,51.538,42.52,42.55,0.06,1
0.70316745,0.096456183,0.052339936,0.123894931,851,847.3,72.64,42.67,42.67,0.095,1
0.712270546,0.094588774,0.049561868,0.115483467,821.5,815.2,61.209,42.67,42.67,0.095,1
0.735295015,0.088537615,0.039583719,0.11472245,831.5,835.3,63.277,42.67,42.64,0.112,1
0.701484442,0.094623636,0.049852955,0.128103143,781,791.1,52.557,42.67,42.67,0.095,1
0.732277071,0.094233837,0.043817737,0.108380934,821.5,819.2,51.119,42.67,42.61,0.073,1
0.67597281,0.120317194,0.04388755,0.134171417,801,803.2,45.073,42.67,42.67,0.095,1
0.689843662,0.104367271,0.056269635,0.120475511,770.5,771.2,39.298,42.67,42.64,0.112,1
0.736965366,0.084522731,0.046927549,0.107744847,801.5,817.2,72.069,42.52,42.464,0.149,1
0.674780831,0.100651784,0.054379905,0.141338736,761,761.1,42.051,42.23,42.26,0.06,1
0.681954241,0.110534425,0.058569311,0.125160487,791.5,783.3,50.15,42.23,42.23,0.095,1
0.797442752,0.071577781,0.040397925,0.072262857,771.5,783.2,52.493,42.08,42.08,0,1
0.538496347,0.170654189,0.11366353,0.148486291,781,789.2,65.522,42.08,42.08,0,1
0.669552061,0.125437154,0.065220515,0.115364881,751.5,747.2,34.727,42.08,42.082,0.092,1
0.626538963,0.141598197,0.072661931,0.132752453,750.5,751.2,49.359,42.23,42.318,0.117,1
0.702088172,0.112437183,0.062176797,0.101341894,771,783.1,52.685,42.52,42.434,0.116,1
0.691629778,0.102246272,0.055905889,0.122604633,761.5,763.2,46.082,42.52,42.464,0.069,1
0.673486017,0.126885369,0.066986719,0.11121387,801,795.2,71.239,42.52,42.492,0.056,1
0.732588359,0.105549311,0.048148492,0.09428922,771,779.2,36.512,42.52,42.522,0.092,1
0.736057895,0.097586969,0.053717832,0.092983414,861.5,855.2,31.221,42.52,42.464,0.069,1
0.709002317,0.10015805,0.056608406,0.113256458,741.5,765.3,59.38,42.52,42.464,0.069,1
0.64098748,0.124346785,0.05780209,0.146078745,830.5,829.1,56.559,42.38,42.408,0.056,1
0.76649538,0.084991398,0.048040395,0.083044221,831.5,837.3,58.404,42.38,42.32,0.073,1
0.746942317,0.083092826,0.053116173,0.096330846,841.5,829.1,46.597,42.38,42.408,0.056,1
0.779946973,0.079851268,0.042489664,0.079618359,781,785.3,38.91,42.38,42.408,0.056,1
0.772349933,0.080031627,0.040257809,0.089580682,800.5,791.1,36.145,42.38,42.408,0.056,1
0.724406557,0.093987206,0.055593625,0.103302164,771.5,777.3,38.663,42.38,42.408,0.056,1
0.670961503,0.126058085,0.059690696,0.116975002,821,821.1,55.714,42.38,42.466,0.116,1
0.726603105,0.099628734,0.050649109,0.102738169,791,789.2,54.418,42.23,42.142,0.117,1
0.670940633,0.122103811,0.061412104,0.11903206,791.5,791.3,72.458,41.94,42.026,0.116,1
0.650114076,0.123056664,0.079768319,0.121908895,771,783.3,43.211,41.94,41.94,0,1
0.610141821,0.145945413,0.078332303,0.137136836,740,747.1,63.145,41.94,41.908,0.109,1
0.704010824,0.126155956,0.050516172,0.097548184,771.5,795.3,68.761,41.94,41.91,0.06,1
0.750489697,0.084251494,0.053528449,0.091429923,721.5,739.2,43.416,41.94,41.936,0.13,1
0.630523357,0.144726175,0.080587941,0.118037379,760.5,759.2,31.578,41.79,41.79,0,1
0.647222448,0.122164695,0.073565518,0.131476491,751.5,761.1,65.24,41.79,41.825,0.192,1
0.715444906,0.105326427,0.053526731,0.104934619,700.5,707.2,32.279,41.79,41.79,0,1
0.707960632,0.094872878,0.06373168,0.109414923,711,723.3,54.03,41.64,41.678,0.065,1
0.635403681,0.139118234,0.075557897,0.124693758,771.5,789.2,52.165,41.79,41.755,0.159,1
0.74580726,0.096341224,0.047669692,0.093434717,760.5,781.2,53.034,41.79,41.718,0.126,1
0.766742697,0.084986029,0.044970219,0.084565278,791.5,783.1,43.404,41.64,41.678,0.065,1
0.612944962,0.121893115,0.067696481,0.166328073,761,785.2,60.191,41.715,41.718,0.164,1
0.801789425,0.071229862,0.029660522,0.079978416,781.5,771.2,45.745,41.79,41.752,0.065,1
0.810213252,0.070959065,0.034264953,0.069812619,711.5,723.3,47.193,41.715,41.752,0.124,1
0.69408421,0.109770937,0.070720546,0.104833899,811,817.1,78.006,41.79,41.752,0.065,1
0.720598771,0.098354141,0.046975982,0.109391385,831.5,819.3,54.384,41.64,41.642,0.103,1
0.653600463,0.143873005,0.058735769,0.116840088,791,791.2,65.667,41.64,41.642,0.103,1
0.747366456,0.098081617,0.043366281,0.092974217,761,763.1,38.42,41.64,41.64,0,1
0.798280821,0.071419198,0.035870043,0.077695464,761.5,773.3,46.573,41.64,41.64,0,1
0.64333853,0.121198284,0.066112698,0.136515527,791,797.3,46.117,41.64,41.605,0.061,1
0.765971311,0.086548733,0.037962885,0.090895825,811.5,795.1,46.535,41.64,41.642,0.103,1
0.776305301,0.063731222,0.043468842,0.097925028,781,781.2,45.873,41.715,41.715,0.075,1
0.698107151,0.114377258,0.054769999,0.107971046,811,799.2,44.328,41.64,41.64,0,1
0.73610936,0.093624291,0.047457335,0.099929413,781,789.2,51.934,41.64,41.605,0.061,1
0.757792507,0.098774963,0.043924248,0.082769589,781.5,789.2,53.527,41.64,41.64,0,1
0.693769598,0.107331057,0.05366328,0.11655724,781,785.2,44.483,41.64,41.678,0.065,1
0.718322946,0.099393084,0.043102562,0.113915343,761.5,779.3,45.186,41.64,41.678,0.065,1
0.759730446,0.080447685,0.043743039,0.098664712,761,765.1,44.223,41.64,41.605,0.061,1
0.745113047,0.076855674,0.047284733,0.107903664,801.5,799.3,46.275,41.64,41.64,0,1
0.749332322,0.085547429,0.04772239,0.096238496,781,791.2,53.256,41.64,41.677,0.065,1
0.721482693,0.098509902,0.05145161,0.106789175,791,783.3,49.348,41.64,41.677,0.065,1
0.689113217,0.099166296,0.062380789,0.124761759,730,727.1,52.91,41.715,41.715,0.075,1
0.805554478,0.079346865,0.035660529,0.065595532,721.5,741.2,52.767,41.57,41.57,0.07,1
0.800321178,0.070693037,0.045030829,0.069790554,811,821.1,63.056,41.64,41.605,0.061,1
0.747495013,0.081965791,0.041669173,0.105095215,812,809.3,48.285,41.5,41.535,0.061,1
0.674873453,0.119810672,0.061254457,0.118971819,811.5,815.2,43.575,41.57,41.57,0.07,1
0.760226165,0.091228846,0.047888892,0.078867571,731,755.2,57.958,41.57,41.57,0.07,1
0.755725114,0.092578857,0.051282305,0.083737345,771,773.2,44.937,41.5,41.535,0.061,1
0.71088405,0.088027166,0.054822588,0.121585463,831,827.2,49.94,41.57,41.57,0.07,1
0.704411167,0.113624958,0.050818525,0.111049055,801.5,783.2,73.619,41.715,41.68,0.121,1
0.708005806,0.099859385,0.056662119,0.111877058,791.5,805.1,60.561,41.57,41.57,0.07,1
0.688464216,0.107694097,0.057689892,0.122747019,771,777.1,51.932,41.64,41.64,0,1
0.70427255,0.110905801,0.059028357,0.102774665,811.5,807.1,68.258,41.57,41.608,0.12,1
0.698688281,0.12046436,0.044444282,0.110881582,771,789.2,80.53,41.64,41.605,0.061,1
0.712851957,0.102006409,0.05070603,0.113165942,801,815.1,66.853,41.64,41.715,0.13,1
0.683314511,0.120665604,0.045715006,0.129093308,841,833.1,93.883,41.64,41.678,0.065,1
0.723455615,0.110683152,0.038688805,0.105837473,811,813.2,53.175,41.64,41.64,0,1
0.755428905,0.089485885,0.039361559,0.09811982,791,789,49.279,41.64,41.64,0,1
0.736189233,0.092329734,0.050359835,0.099262872,731.5,751.1,51.64,41.64,41.64,0,1
0.770792822,0.084106514,0.038859393,0.087727891,771,783,81.046,41.64,41.678,0.065,1
0.674637373,0.144508012,0.056815901,0.100177013,701,713.1,53.869,41.57,41.645,0.18,1
0.720394285,0.115300924,0.039619664,0.102708359,831.5,819.2,60.903,41.57,41.608,0.12,1
0.757941788,0.089255282,0.039832003,0.095024204,771.5,785.3,57.149,41.715,41.715,0.075,1
0.727155955,0.09498009,0.041952602,0.112928928,831.5,831.1,41.213,41.64,41.678,0.065,1
0.734190794,0.088329231,0.046202389,0.108795173,782,781.3,66.726,41.64,41.64,0,1
0.725541052,0.084519929,0.041171171,0.120802097,781.5,783.2,24.4,41.64,41.677,0.065,1
0.673328438,0.107788995,0.052820806,0.137192622,740.5,737.2,69.123,41.57,41.608,0.12,1
0.775842362,0.058033156,0.038221187,0.105888414,731,731.2,42.194,41.64,41.605,0.061,1
0.744427807,0.08490446,0.037691673,0.109272442,811.5,819.3,53.904,41.5,41.462,0.065,1
0.67350972,0.11932746,0.056587194,0.126803264,831.5,837.2,50.418,41.64,41.642,0.103,1
0.628818973,0.105797446,0.062747288,0.166443834,841,811.3,74.286,41.425,41.425,0.075,1
0.76766303,0.084756119,0.042164065,0.089800904,811,811.2,56.217,41.715,41.68,0.121,1
0.763142901,0.098558418,0.033488017,0.088814092,791,783.1,56.887,41.57,41.57,0.07,1
0.702194883,0.079868872,0.055622764,0.134783965,811,805.2,39.734,41.5,41.5,0,1
0.718708814,0.104431418,0.047918621,0.105471505,821.5,819.3,65.465,41.5,41.535,0.061,1
0.676009501,0.098924956,0.059639589,0.140211743,831,825.1,51.335,41.5,41.498,0.103,1
0.769893331,0.078784962,0.039389695,0.092916076,821.5,821.3,95.814,41.5,41.5,0,1
0.717892274,0.101485429,0.04927447,0.107764591,731,755.2,62.28,41.64,41.605,0.159,1
0.767237897,0.083026302,0.047727874,0.084000639,781,775.1,53.457,41.57,41.57,0.07,1
0.765244756,0.080483839,0.051290048,0.087132233,751.5,757.3,54.135,41.64,41.605,0.061,1
0.690367734,0.126545946,0.053368924,0.10655367,780.5,793.2,60.063,41.06,41.06,0,1
0.730820632,0.104218137,0.046605013,0.100704115,851.5,837.2,45.98,41.06,41.06,0,1
0.683130703,0.131330402,0.04821779,0.110857121,791,783.1,80.571,41.06,41.06,0,1
0.737577515,0.094272715,0.048016298,0.097703601,731.5,741.1,57.795,41.13,41.13,0.07,1
0.706083277,0.0983761,0.066464664,0.107914876,691.5,689,53.107,41.06,41.095,0.061,1
0.541497047,0.145227013,0.078793525,0.196938898,841.5,863.1,64.155,41.06,41.06,0,1
0.614271382,0.156437202,0.063610553,0.138221915,820.5,831.2,82.27,41.06,41.06,0,1
0.699333091,0.120922337,0.04964673,0.109472805,842,821.2,91.018,57.77,53.593,7.236,1
0.701386859,0.109787967,0.062361257,0.105135886,891.5,889.1,46.073,57.92,57.918,0.103,1
0.714107451,0.101898823,0.045858116,0.116005456,801.5,813.1,90.85,57.92,57.955,0.159,1
0.672195871,0.124221373,0.05498545,0.126005948,811,807.1,64.087,57.99,58.028,0.12,1
0.727860288,0.106951149,0.04925956,0.096829374,821,807.2,49.699,57.92,57.92,0,1
0.72075707,0.092689193,0.05390341,0.112569492,801.5,809.2,72.312,58.06,58.06,0,1
0.752406547,0.096574593,0.044165149,0.089310423,801,787.1,53.056,58.06,57.988,0.126,1
0.748237703,0.096962803,0.050760368,0.087609205,771,787.2,106.93,57.92,57.918,0.103,1
0.669955259,0.142153137,0.058120206,0.107936524,721,715,46.351,58.06,58.025,0.061,1
0.69195409,0.124989054,0.055930018,0.10727941,821,791.2,66.001,57.99,58.028,0.12,1
0.651768998,0.145776543,0.060988369,0.119487575,811,793.2,71.719,58.06,58.098,0.065,1
0.746644862,0.109496815,0.04800162,0.078436283,711.5,735.4,74.975,57.99,57.99,0.163,1
0.659113836,0.099010186,0.060079357,0.154995998,781,771.3,65.988,57.55,57.475,0.18,1
0.629887355,0.131366842,0.05747533,0.153519701,781.5,793.2,102.603,56.525,56.342,0.55,1
0.698142188,0.122208724,0.051434754,0.108311614,731,741.2,51.423,52.345,52.198,1.357,1
0.687628376,0.115990947,0.051079061,0.121982069,721,729.2,74.652,47.51,47.618,0.94,1
0.644112718,0.140427693,0.064528879,0.12928777,761,759.3,74.306,45.31,45.235,0.526,1
0.670009356,0.115042764,0.058482207,0.130303229,821,803.2,48.738,43.84,43.878,0.42,1
0.540389226,0.163042382,0.091179597,0.175233917,751.5,759.2,61.619,42.82,42.892,0.221,1
0.561168681,0.158146927,0.065121778,0.179939222,731.5,733.2,49.106,42.085,42.122,0.19,1
0.710994549,0.106371243,0.050152514,0.111144337,881,871.2,57.69,41.64,41.605,0.159,1
0.713398416,0.094315003,0.056922794,0.114247797,821.5,819.3,62.75,42.375,43.035,2.059,1
0.633114091,0.145138504,0.064619138,0.132810625,780.5,797.2,79.058,49.34,49.305,1.272,1
0.600556694,0.147119994,0.064010872,0.156724036,771,783.3,78.759,53.08,53.118,0.58,1
0.602742537,0.143480766,0.069178469,0.157292507,801,795,67.648,54.91,54.838,0.403,1
0.651433262,0.128264519,0.065517918,0.131264424,842,839.4,108.636,55.425,55.425,0.145,1
0.559715451,0.147786808,0.084853357,0.179457923,821,833,67.56,55.795,55.792,0.164,1
0.659795508,0.117588743,0.056720911,0.140219419,810.5,821.2,78.106,56.01,55.975,0.061,1
0.557861696,0.151026969,0.088255769,0.172795282,880.5,873.1,62.051,56.16,56.158,0.103,1
0.6759182,0.114739644,0.066899497,0.119492986,882,881.3,61.483,56.45,56.45,0.106,1
0.571040493,0.142014871,0.085809986,0.169854636,831.5,857.2,74.417,56.595,56.595,0.145,1
0.628051455,0.128793477,0.05990352,0.155268202,881.5,855.2,81.036,56.67,56.708,0.12,1
0.66147361,0.104857033,0.061645526,0.14490283,811,825.2,64.858,56.74,56.743,0.103,1
0.710718884,0.10036525,0.054831349,0.112971091,881,857.4,68.931,56.815,56.815,0.075,1
0.64811119,0.123201079,0.054265255,0.147659834,891.5,881.1,68.851,57.04,57.038,0.103,1
0.584829125,0.172032308,0.060326729,0.152668549,841,867.4,60.296,57.04,57.002,0.065,1
0.636404469,0.131406225,0.056512144,0.14933529,831.5,845.2,68.955,57.04,57.002,0.065,1
0.666944738,0.14307594,0.054660941,0.113515827,831,827.2,33.618,41.79,41.828,0.65,1
0.777484975,0.102222031,0.035214773,0.071739318,861,851.2,38.943,50.37,49.598,3.103,1
0.645682436,0.196343241,0.06566466,0.074902657,891.5,879.2,55.508,56.82,56.6,1.797,1
0.682259647,0.164821962,0.052323981,0.082328111,811,823.2,53.885,57.33,57.257,0.563,1
0.725484212,0.136740171,0.04460863,0.07577787,851,847.3,53.524,55.205,55.242,0.422,1
0.746581901,0.120977386,0.039674505,0.078630376,781,787.2,42.023,52.42,52.492,0.595,1
0.715054706,0.127215651,0.046838622,0.091965837,791,809.2,56.755,50.66,50.66,0.364,1
0.800328732,0.078932701,0.0387349,0.067894986,731.5,763.2,75.363,49.12,49.158,0.685,1
0.776407038,0.092384499,0.044012436,0.072410914,851.5,847.2,77.14,47.14,47.285,0.513,1
0.540780832,0.153212337,0.065969299,0.193027351,871.5,873.2,29.856,45.97,45.895,0.313,1
0.725700809,0.129594749,0.04353116,0.083741323,870.5,861.3,57.796,45.16,45.16,0.106,1
0.652608386,0.181001436,0.058945565,0.083848948,801,789,90.379,44.43,44.503,0.126,1
0.704237021,0.140951152,0.051563183,0.081254604,880.5,879.2,47.594,44.06,44.098,0.12,1
0.705002087,0.127873019,0.053715779,0.093572453,871.5,853.2,52.986,43.55,43.622,0.126,1
0.664736831,0.163505097,0.065518757,0.087956703,900.5,885.2,58.058,43.33,43.33,0.163,1
0.588148561,0.200220848,0.068341859,0.11858541,771.5,791.2,98.815,43.035,43,0.121,1
0.637138062,0.173674528,0.064763208,0.10056448,851.5,815.1,111.22,42.745,42.707,0.124,1
0.67233705,0.138048457,0.062574542,0.104199826,871.5,867.3,58.827,42.525,42.488,0.19,1
0.667278781,0.162628756,0.053947566,0.092373184,841.5,855.2,59.252,42.08,42.117,0.065,1
0.717085933,0.129632535,0.049419517,0.086494545,832,821.3,86.651,42.08,42.045,0.061,1
0.561355459,0.231848045,0.070150422,0.108062897,851.5,845.2,60.653,41.94,41.902,0.065,1
0.703383123,0.130101443,0.053291171,0.095351539,841,841.1,51.382,41.57,41.57,0.07,1
0.730698144,0.125374767,0.046881666,0.078381775,891.5,887.1,55.162,41.425,41.422,0.164,1
0.735490013,0.120924784,0.046072743,0.081268542,910.5,889.1,68.023,41.35,41.35,0.106,1
0.738614919,0.130333571,0.044751294,0.068854858,901.5,903.1,58.955,41.13,41.168,0.12,1
0.731254739,0.152600528,0.03749706,0.063909317,921.5,885.2,88.445,41.13,41.13,0.07,1
0.757290805,0.120799827,0.04251132,0.065500171,881,875,76.446,42.595,42.488,0.974,1
0.78075281,0.08481412,0.035490766,0.080777357,811.5,789.1,113.007,44.79,45.012,0.728,1
0.727734208,0.129777979,0.048775399,0.077887247,831,811,100.639,49.78,49.56,1.168,1
0.713188341,0.147837696,0.052868416,0.071949545,662,681.3,67.915,52.785,52.678,0.522,1
0.652222775,0.170502643,0.058970469,0.097547661,891.5,879.2,50.884,54.47,54.435,0.642,1
0.733882068,0.116552433,0.04884616,0.082963234,841.5,849.3,56.03,56.52,56.595,0.4,1
0.707891004,0.117694551,0.069557939,0.08640382,811.5,817.2,77.988,57.55,57.515,0.35,1
0.814280515,0.086307851,0.032746782,0.053722824,831,811.3,83.751,58.36,58.358,0.103,1
0.729567247,0.130974442,0.049209977,0.073076355,820.5,789.2,102.183,58.65,58.65,0.106,1
0.744692251,0.111349762,0.046721894,0.078167979,831,819.2,94.853,58.065,58.137,0.561,1
0.720557121,0.129137681,0.049327573,0.084736688,861,839.3,88.122,57.035,56.998,0.19,1
0.713060239,0.138181118,0.052311001,0.079972173,791,803.2,135.704,56.23,56.122,0.43,1
0.755017125,0.103153162,0.042721131,0.08123827,801.5,813.2,98.425,54.33,54.292,0.544,1
0.736502267,0.099417453,0.049044052,0.092705976,831,802.9,89.066,51.17,51.317,1.092,1
0.768024924,0.09166387,0.046512094,0.08002609,890.5,877,102.627,48.755,48.828,0.538,1
0.775512251,0.083014143,0.043882419,0.07874287,871,853.3,87.687,47.14,47.065,0.498,1
0.724791436,0.117245433,0.049998836,0.090666802,821,821.3,92.348,45.455,45.49,0.28,1
0.690943996,0.086058291,0.057312699,0.136529027,820.5,827.2,93.712,44.28,44.318,0.282,1
0.753855799,0.095731991,0.043371568,0.086411942,902,899.2,52.4,43.77,43.66,0.238,1
0.715668089,0.104067098,0.045853307,0.113908448,861,853.1,72.758,43.185,43.182,0.164,1
0.756144673,0.081573856,0.046779189,0.097749717,920.5,903.3,63.649,42.815,42.778,0.19,1
0.763513162,0.109321727,0.039837048,0.074125756,891.5,871.2,83.478,42.38,42.305,0.13,1
0.654578855,0.118004787,0.069450455,0.130349531,891,847.2,105.499,42.01,42.01,0.163,1
0.738994713,0.095753011,0.057651934,0.090177171,881,851.3,110.971,41.715,41.718,0.164,1
0.699856666,0.122453197,0.054313418,0.102792821,931,905.4,52.244,41.495,41.458,0.19,1
0.690035174,0.134874021,0.060810309,0.094989945,901,877.3,59.22,41.275,41.24,0.121,1
0.788331178,0.072184843,0.038718761,0.083746942,891.5,875.3,97.898,41.06,41.095,0.061,1
0.778235521,0.095464354,0.038258442,0.073460752,880,827.3,123.875,46.625,45.93,3.052,1
0.738758361,0.101515645,0.048629692,0.091992753,911,891.3,81.769,51.685,51.65,0.77,1
0.749829855,0.10869219,0.039954864,0.081457937,921.5,895.3,60.628,53.445,53.555,0.534,1
0.740277429,0.106218095,0.042998292,0.092164594,881.5,899.1,41.198,56.525,56.415,0.777,1
0.683346699,0.104877411,0.074883372,0.115088362,861.5,861.3,52.881,57.77,57.735,0.192,1
0.6659888,0.148575238,0.06124697,0.101880167,881.5,867.3,116.879,58.285,58.282,0.164,1
0.694334508,0.123107054,0.053677462,0.107224241,901.5,885.2,75.092,58.36,58.285,0.13,1
0.687690575,0.120668355,0.049958963,0.117825397,901.5,899.1,51.853,58.575,58.612,0.124,1
0.69117222,0.109583145,0.06032669,0.112456738,822,847.778,57.84,58.72,58.72,0.22,1
0.668746964,0.118984246,0.064381113,0.121887396,741,768,116.905,58.87,58.87,0.07,1
0.717813233,0.125033967,0.048312197,0.090464382,921,903.556,59.874,58.94,58.905,0.061,1
0.533259917,0.131962666,0.077378652,0.21206106,861,863.444,53.658,58.87,58.87,0.07,1
0.765485659,0.095967702,0.037936506,0.0847091,762,765.667,45.08,58.94,58.94,0,1
0.712518249,0.10925443,0.057782259,0.098707434,822,841.222,74.061,58.94,58.94,0,1
0.649621116,0.117640873,0.068406625,0.136166887,842,825.667,115.281,58.94,58.94,0,1
0.720222803,0.110312405,0.048005606,0.099431187,781,790.111,134.699,58.94,58.94,0,1
0.584858469,0.184788643,0.071793223,0.126608392,801,849.2,93.236,62.17,62.215,0.069,2
0.604487678,0.164485051,0.068961874,0.135387766,1020,993,104.194,62.17,62.155,0.045,2
0.523303154,0.241152948,0.073311282,0.133203229,922,969.4,76.904,62.17,62.11,0.073,2
0.599869253,0.163435369,0.066776586,0.142795558,941,953.2,39.235,62.17,62.2,0.09,2
0.581496746,0.166702162,0.070394461,0.150694403,941,933,68.355,62.17,62.17,0.067,2
0.599059136,0.167565599,0.070377567,0.131817713,920,957.2,90.918,62.245,62.245,0.075,2
0.534895557,0.154120715,0.083404535,0.18404233,982,985.4,69.893,62.17,62.185,0.045,2
0.537481542,0.136286374,0.100354073,0.181641596,922,945.2,46.201,62.17,62.215,0.069,2
0.62027701,0.167798179,0.069417228,0.114596231,882,881,49.566,62.245,62.215,0.117,2
0.623596679,0.144451608,0.078410511,0.126983977,1001,981.2,80.797,62.17,62.215,0.096,2
0.588514801,0.134095572,0.07319966,0.169915145,980,953.2,65.021,62.17,62.2,0.112,2
0.629024438,0.167844553,0.075856744,0.103079806,941,953.2,63.713,62.17,62.155,0.081,2
0.589108049,0.210943786,0.071032135,0.103809178,922,925.2,48.321,62.17,62.17,0.067,2
0.592138103,0.138732781,0.091003854,0.150039928,942,945.2,76.987,62.17,62.17,0.067,2
0.690782526,0.134171622,0.065916908,0.088746526,881,925.4,110.73,62.17,62.23,0.073,2
0.510856691,0.128922745,0.069100144,0.234911583,861,844.8,93.604,62.17,62.215,0.096,2
0.51842357,0.153016608,0.080744504,0.199645784,881,929.4,111.148,62.17,62.215,0.096,2
0.579926848,0.166637669,0.070496062,0.154085736,881,893.2,48.201,62.32,62.26,0.073,2
0.570392425,0.173640545,0.08075607,0.146767872,922,925.4,71.982,62.17,62.215,0.069,2
0.62249474,0.157179701,0.076564486,0.11705308,981,969.2,51.817,62.17,62.23,0.073,2
0.463710232,0.147252205,0.099026834,0.238052402,941,925.4,34.714,62.095,62.095,0.075,2
0.672313625,0.12679886,0.054910898,0.121609552,1002,1033.2,47.789,62.02,62.051,0.088,2
0.563747878,0.160096502,0.080062762,0.163029166,1001,997.4,62.637,62.02,62.006,0.042,2
0.634145611,0.127755976,0.074714234,0.134942526,1021,1001.2,41.571,61.95,61.95,0.07,2
0.516498397,0.171531714,0.08460715,0.184752834,922,925.2,51.211,61.88,61.922,0.064,2
0.612810582,0.147728492,0.081686722,0.123733429,1002,1009.4,77.575,61.88,61.921,0.092,2
0.660528019,0.127385345,0.068324248,0.115041185,921,933.2,90.309,62.02,61.979,0.092,2
0.573020927,0.168929451,0.08804857,0.139615936,962,949.2,86.377,61.88,61.936,0.069,2
0.555247766,0.155317178,0.06386205,0.185108241,901,893.4,116.51,62.02,62.007,0.077,2
0.641049258,0.121859553,0.06358261,0.142328803,861,865,93.295,61.88,61.908,0.056,2
0.590163862,0.184450926,0.070792725,0.123467863,882,885.4,123.341,61.88,61.922,0.064,2
0.537668162,0.137382491,0.096781918,0.180473106,1020,1028.8,154.906,62.02,61.964,0.069,2
0.659460638,0.122272325,0.060129018,0.127483917,1161,1073.4,189.881,62.02,61.964,0.069,2
0.727711736,0.122372486,0.044198473,0.0884579,1102,1113.6,103.392,61.88,61.922,0.064,2
0.475335129,0.115708409,0.075578344,0.268629301,1061,1049.2,59.911,62.02,61.978,0.064,2
0.393288787,0.139058767,0.111580431,0.289688701,1061,1013.4,126.738,62.02,61.978,0.064,2
0.559511862,0.145787335,0.079684461,0.17421613,882,957.4,241.668,61.88,61.922,0.064,2
0.49766509,0.190862245,0.070158086,0.198201133,1001,1029.2,119.185,62.02,61.979,0.092,2
0.453251754,0.123318515,0.09900448,0.256601593,1042,993.4,164.944,62.02,62.007,0.077,2
0.638126249,0.130592775,0.06530599,0.13388221,1040,1045.2,128.09,62.02,61.994,0.108,2
0.699797598,0.121724488,0.06359934,0.094007116,1040,1017.4,127.89,62.02,62.006,0.042,2
0.631755487,0.162656039,0.058583826,0.122249415,1120,1073.2,143.345,62.02,62.02,0,2
0.681120921,0.147200105,0.062848886,0.088133753,841,821,42.052,62.02,62.051,0.088,2
0.562569281,0.142953101,0.067316808,0.186552008,880,841.4,50.603,62.02,62.007,0.077,2
0.690763514,0.140435977,0.049744236,0.097327475,861,869,81.978,62.02,62.08,0.073,2
0.673261424,0.149106973,0.053694095,0.097160753,902,877.6,52.66,62.02,62.035,0.045,2
0.489446218,0.152249508,0.094743778,0.220069813,941,909,61.449,62.02,62.05,0.06,2
0.463516656,0.163674266,0.10339754,0.219882885,961,985.4,73.137,62.02,62.035,0.045,2
0.546686063,0.148862091,0.077948371,0.179163127,802,893.4,198.229,62.095,62.095,0.075,2
0.604678862,0.109482077,0.068404133,0.173196965,981,917,142.831,62.02,62.051,0.088,2
0.63427622,0.137883644,0.072226585,0.128701333,861,857.2,103.006,62.02,62.05,0.06,2
0.481625692,0.156760217,0.08054583,0.227455402,941,957.2,92.142,62.02,62.051,0.088,2
0.419823726,0.142365301,0.102026706,0.279264868,960,917,57.135,62.02,62.08,0.073,2
0.583658456,0.168667836,0.078310753,0.138055374,961,965.2,114.397,62.17,62.125,0.096,2
0.656134398,0.138242709,0.063520245,0.117593881,901,893.2,77.533,62.17,62.17,0.095,2
0.632996983,0.122650153,0.07641818,0.140416208,961,973.2,46.598,61.14,61.186,0.956,2
0.47658214,0.119807071,0.092807712,0.249031486,942,945.2,88.221,60.26,60.26,0,2
0.423709325,0.142719709,0.097478965,0.278310372,1042,1025,228.351,60.26,60.218,0.064,2
0.494652073,0.153239863,0.079168476,0.215997647,1061,1061.4,76.842,60.26,60.246,0.042,2
0.543732536,0.191639904,0.079405434,0.148986608,981,1029,84.43,60.26,60.204,0.069,2
0.562190423,0.152756009,0.076228754,0.17146166,1060,1065,44.1,60.19,60.19,0.07,2
0.653215695,0.106494756,0.075509821,0.135448498,861,921.2,120.864,60.19,60.19,0.07,2
0.532576944,0.130949129,0.083534909,0.208328927,921,893.4,166.681,60.26,60.218,0.064,2
0.627640393,0.158220658,0.068655383,0.118788451,841,909.4,168.552,60.26,60.232,0.056,2
0.654482826,0.146153096,0.066812616,0.110734354,1102,1105.6,95.307,60.26,60.218,0.064,2
0.542010119,0.129136622,0.078882429,0.207230669,941,937.6,151.068,60.12,60.176,0.069,2
0.437334301,0.139718895,0.101278314,0.263453955,1001,1005.4,136.312,60.12,60.162,0.064,2
0.469685544,0.131482081,0.100689659,0.237592843,902,929.2,96.485,60.19,60.19,0.07,2
0.47041048,0.168229675,0.092839462,0.213349768,1121,1097.4,191.468,60.19,60.19,0.07,2
0.637050811,0.185783677,0.064007769,0.092848449,822,877.2,120.076,60.19,60.19,0.07,2
0.512534003,0.192546582,0.068112199,0.186900959,1121,1001.6,194.402,60.26,60.232,0.056,2
0.647253607,0.144665577,0.062050802,0.117133802,962,985.4,167.228,60.26,60.218,0.064,2
0.609415558,0.1277419,0.070794742,0.160775791,1201,1177.4,102.193,60.26,60.232,0.056,2
0.737010162,0.118360393,0.051986707,0.07698435,841,885,196.694,60.26,60.26,0,2
0.584243262,0.158221961,0.063584283,0.158295244,961,993.2,107.645,60.26,60.261,0.065,2
0.607857918,0.153220842,0.071482456,0.139569143,1021,1037.2,120.937,60.26,60.261,0.065,2
0.671964957,0.11675907,0.066934007,0.12122711,1002,985.2,192.912,60.26,60.26,0,2
0.710394325,0.145429091,0.043274845,0.082153243,861,881.4,70.882,60.26,60.305,0.069,2
0.550017066,0.132218347,0.069732817,0.201212849,962,969.2,172.55,60.26,60.32,0.073,2
0.466858078,0.14410319,0.095429574,0.23590509,761,873.2,184.27,60.41,60.365,0.069,2
0.417096506,0.155155067,0.096775984,0.28002431,841,869.2,68.036,60.41,60.38,0.06,2
0.528947575,0.157550634,0.079772168,0.192715612,1001,1009.4,54.57,60.41,60.41,0.067,2
0.672687259,0.138297463,0.063223167,0.101244697,1001,977.2,38.597,60.41,60.44,0.06,2
0.654493273,0.141669083,0.061678915,0.114998888,961,953.4,159.018,60.41,60.395,0.081,2
0.705518156,0.158873728,0.051545484,0.069427022,981,1001.2,139.514,60.41,60.425,0.045,2
0.705270455,0.154586427,0.056555738,0.069003161,942,953.6,129.776,60.41,60.425,0.045,2
0.559456165,0.120068533,0.078604305,0.199100527,981,1005,155.642,60.41,60.395,0.045,2
0.688591159,0.126693908,0.049097308,0.10959823,781,889.2,185.658,60.41,60.425,0.045,2
0.521616062,0.134799017,0.098930218,0.199018621,1081,1073.4,65.35,60.41,60.41,0,2
0.505383754,0.181489103,0.07826086,0.192005506,882,901,80.503,60.41,60.425,0.045,2
0.415329923,0.130374205,0.098934685,0.291912026,1062,1077.6,97.719,60.41,60.41,0.067,2
0.64992694,0.148094771,0.061726554,0.115499518,941,901,74.833,60.41,60.35,0.073,2
0.623895554,0.111140939,0.072458134,0.157411484,722,789.8,146.354,60.335,60.335,0.075,2
0.676447871,0.147385174,0.055439527,0.097850313,862,865.6,105.392,60.26,60.32,0.073,2
0.705812245,0.140242506,0.061144196,0.075562426,1001,981,110.995,60.41,60.365,0.069,2
0.350595312,0.159641633,0.119809618,0.292070421,722,861.6,195.449,60.26,60.29,0.06,2
0.576085429,0.146842357,0.065252663,0.175481877,861,917.2,181.511,60.26,60.275,0.045,2
0.620881725,0.149539323,0.066928016,0.134044378,881,929,188.426,60.26,60.26,0,2
0.500143149,0.180098813,0.096637028,0.188893626,821,913.4,197.44,60.26,60.29,0.06,2
0.461013377,0.162745195,0.115678464,0.218823753,881,829.4,98.03,60.26,60.275,0.045,2
0.550066614,0.136043373,0.074199826,0.196897385,882,953.4,157.552,60.26,60.276,0.079,2
0.641009128,0.140567344,0.067888631,0.122307,1002,989.4,127.915,60.26,60.276,0.079,2
0.568637659,0.127411065,0.070234855,0.191584789,882,877.4,133.669,60.26,60.233,0.086,2
0.421892924,0.139609378,0.096315335,0.276032635,821,845.4,136.254,60.26,60.232,0.056,2
0.530257165,0.153015032,0.097126822,0.181957915,982,945.6,141.15,60.26,60.26,0,2
0.535162782,0.101895976,0.081837088,0.230038151,901,925,58.723,60.26,60.29,0.06,2
0.444127442,0.159498715,0.101689703,0.241440602,841,825.4,83.265,60.26,60.29,0.06,2
0.457091458,0.156629967,0.093424901,0.243792422,901,985.2,184.605,60.26,60.276,0.079,2
0.586361884,0.128465797,0.077500992,0.16989577,801,821.4,82.561,60.26,60.29,0.06,2
0.563376062,0.145799818,0.077300757,0.175576956,742,733.2,27.636,60.335,60.335,0.075,2
0.509712302,0.169678955,0.064884402,0.215412127,760,793,118.425,60.335,60.335,0.075,2
0.610699474,0.155867369,0.063080837,0.136562026,882,909.4,157.588,61.44,61.38,0.073,2
0.586767181,0.119399158,0.0690001,0.184786218,1041,1009,191.249,61.29,61.32,0.06,2
0.479447123,0.118722624,0.088365695,0.255440797,921,898,142.015,61.44,61.409,0.088,2
0.609306358,0.15129162,0.072780557,0.134049798,862,853.2,101.685,61.44,61.394,0.094,2
0.593331971,0.100527063,0.067843812,0.196447512,981,929,128.469,61.44,61.425,0.045,2
0.656012222,0.113954854,0.056287274,0.141802062,901,897.4,31.929,61.44,61.409,0.088,2
0.543106434,0.166565734,0.072070268,0.178813369,840,849,46.656,61.44,61.425,0.045,2
0.668869959,0.139999464,0.059906035,0.105071334,801,809,48.419,61.44,61.454,0.042,2
0.495709878,0.126376466,0.085014839,0.23094591,981,929.2,64.164,61.44,61.425,0.045,2
0.408769451,0.119607375,0.092196813,0.308067513,882,861.2,50.677,61.44,61.439,0.065,2
0.461114267,0.145041125,0.085820405,0.253795794,941,909,51.85,61.44,61.439,0.065,2
0.575233613,0.156540506,0.080446779,0.155905284,1021,1021.4,66.093,61.58,61.553,0.086,2
0.610972988,0.146066064,0.068589552,0.14472796,961,933.2,107.31,61.58,61.64,0.073,2
0.62592706,0.177485818,0.064807468,0.107515584,842,833.2,48.367,61.73,61.715,0.105,2
0.542540871,0.137433871,0.06582681,0.206544309,922,909.2,100.306,61.73,61.745,0.081,2
0.6199871,0.104243314,0.067458988,0.166861693,941,941,48.99,61.88,61.85,0.06,2
0.626743607,0.123757423,0.069499627,0.145940047,941,933.2,41.126,61.88,61.834,0.094,2
0.566833086,0.14881817,0.071769286,0.174565546,1002,1029,117.237,61.88,61.85,0.06,2
0.399847248,0.145225821,0.092804414,0.288446308,982,1009.2,100.744,61.88,61.908,0.056,2
0.555488201,0.136001801,0.0845151,0.180990574,942,933.4,85.549,62.02,61.964,0.069,2
0.633769148,0.118477375,0.065806062,0.15365781,941,957.2,187.131,62.02,62.021,0.065,2
0.663767852,0.144000518,0.061773172,0.10721759,921,961.2,121.394,62.02,61.978,0.064,2
0.703518279,0.147063643,0.062275667,0.071416531,942,985.4,159.44,62.02,62.08,0.073,2
0.577833262,0.123025966,0.085904455,0.178444713,920,893.2,111.336,62.17,62.187,0.085,2
0.621229734,0.137438219,0.079152048,0.132329391,781,849.4,219.203,62.17,62.203,0.062,2
0.712409814,0.113781605,0.059989185,0.093759248,921,969.4,100.528,62.02,62.071,0.098,2
0.703323953,0.10019265,0.0746864,0.102191973,941,981.2,164.317,62.17,62.203,0.118,2
0.64001757,0.131328448,0.078987311,0.122664583,762,793.2,57.301,62.32,62.253,0.075,2
0.685337421,0.118819031,0.068639772,0.104770878,722,741.2,45.521,62.32,62.32,0,2
0.501768779,0.153637675,0.092134262,0.207419094,762,797,64.872,62.32,62.269,0.098,2
0.586926668,0.191629314,0.068464466,0.125141731,842,877.2,74.093,62.17,62.203,0.062,2
0.422698119,0.134978536,0.08762354,0.2876225,981,953.2,34.574,62.17,62.153,0.047,2
0.415585544,0.139657934,0.099069491,0.284393617,960,973.2,111.408,62.17,62.153,0.047,2
0.529114936,0.153782678,0.069947932,0.205588224,961,941,171.559,62.17,62.12,0.1,2
0.616370844,0.154054053,0.060682638,0.139543033,901,901,115.553,62.02,62.087,0.075,2
0.682148634,0.129012535,0.054098379,0.109588873,882,921,124.55,62.17,62.103,0.075,2
0.707675745,0.13678699,0.049979023,0.084881856,1022,965.2,99.23,62.17,62.187,0.047,2
0.657336761,0.143831913,0.063946952,0.113394501,981,981.2,52.232,62.17,62.103,0.075,2
0.523746051,0.108310717,0.085479243,0.220095027,962,985.4,68.855,62.17,62.187,0.047,2
0.435527944,0.105850523,0.091803407,0.300438276,921,929.2,60.241,62.17,62.137,0.094,2
0.572315923,0.119563682,0.082227719,0.184692116,1042,1025.4,49.609,62.02,62.037,0.047,2
0.606260503,0.153190252,0.068721251,0.14207199,962,977.2,83.344,61.88,61.942,0.07,2
0.609682368,0.149673182,0.074151413,0.138796406,882,885.2,40.385,61.73,61.747,0.047,2
0.651933877,0.137768932,0.06275296,0.122639319,962,957.4,135.068,61.73,61.713,0.085,2
0.629041411,0.163796078,0.070814966,0.110646321,1061,1041.2,56.499,61.73,61.73,0,2
0.501574961,0.13911555,0.092939256,0.21904574,1061,1041.4,45.169,61.73,61.747,0.047,2
0.560422981,0.13604327,0.076509579,0.186763276,922,929.2,100.065,61.73,61.73,0,2
0.71783971,0.12413367,0.052389007,0.085365735,941,909.6,136.816,61.73,61.73,0.071,2
0.645755123,0.1446306,0.0735697,0.108637269,962,953,37.64,61.73,61.68,0.071,2
0.638342807,0.181817781,0.06721261,0.092435292,882,885.4,87.344,61.73,61.78,0.1,2
0.542326665,0.130458466,0.082757945,0.196572941,1061,1061.4,96.421,61.73,61.78,0.071,2
0.496603484,0.114289136,0.096337383,0.232319086,1102,1109.4,72.124,61.88,61.959,0.098,2
0.591873348,0.137534612,0.081697134,0.152886701,1042,1041.4,130.6,62.02,62.053,0.062,2
0.587307269,0.101459449,0.076138993,0.192160947,821,837.2,130.177,62.17,62.137,0.062,2
0.689179775,0.12541536,0.055007954,0.107010118,901,909.2,92.547,62.17,62.137,0.062,2
0.727390809,0.135157375,0.05266604,0.069765785,981,949.6,55.701,62.02,62.071,0.098,2
0.711415304,0.126362455,0.060441734,0.081652082,941,921.2,102.451,62.17,62.12,0.071,2
0.5546441,0.120323938,0.07850006,0.198210557,941,1005.2,113.272,62.17,62.187,0.047,2
0.507628113,0.160027625,0.073251876,0.214461393,982,973.8,65.521,62.17,62.187,0.085,2
0.486509844,0.134289454,0.078292443,0.251386844,822,817,23.503,62.32,62.269,0.098,2
0.336062623,0.165285991,0.115331128,0.311817149,981,1001.4,202.84,62.17,62.237,0.075,2
0.593584227,0.189826858,0.06178814,0.124788977,761,785,42.708,62.32,62.269,0.098,2
0.647846013,0.149716321,0.0670925,0.10911005,802,793,29.806,62.32,62.32,0,2
0.394356832,0.140540382,0.105185066,0.291494537,821,825,32.006,62.32,62.303,0.047,2
0.578924375,0.119587495,0.077366528,0.180292556,882,861.2,51.152,62.17,62.17,0.1,2
0.634054461,0.137984861,0.066948843,0.126943649,941,917.4,39.444,62.02,62.07,0.071,2
0.694214177,0.145853352,0.063082992,0.07646107,822,845,73.051,62.02,62.021,0.068,2
0.451965596,0.12954222,0.089507243,0.265263872,921,881.2,117.271,62.02,62.004,0.044,2
0.669281855,0.125088378,0.061517896,0.117684193,801,821,55.136,62.02,62.021,0.068,2
0.59199435,0.166318939,0.080613585,0.134321232,822,813,29.806,62.02,62.006,0.082,2
0.366604981,0.146299051,0.115708332,0.307179338,922,905.2,55.772,62.02,62.021,0.068,2
0.637736034,0.138628151,0.074545712,0.12273605,941,909,89.4,62.02,62.038,0.083,2
0.432954155,0.14137093,0.092879741,0.268327606,861,861.2,52.465,62.02,62.006,0.082,2
0.685006439,0.135173411,0.054944173,0.101749984,902,933.4,48.57,62.02,61.958,0.07,2
0.638669898,0.163577234,0.065939167,0.112090652,881,869.2,54.231,61.88,61.91,0.09,2
0.676118853,0.149964096,0.067184948,0.088861334,961,989.2,98.777,61.88,61.879,0.068,2
0.578272152,0.160781386,0.091429173,0.138030428,941,937.4,37.033,61.88,61.91,0.09,2
0.648464841,0.16299116,0.072381333,0.093643994,941,917.2,63.701,61.88,61.896,0.044,2
0.686317379,0.143583381,0.065429532,0.085564709,861,909.2,103.019,61.88,61.862,0.083,2
0.555807132,0.131846535,0.075628723,0.190745408,960,901.4,101.236,61.88,61.879,0.068,2
0.452617331,0.154536723,0.097000164,0.233127982,862,877.6,63.726,61.88,61.896,0.044,2
0.724824608,0.129961268,0.049806136,0.074315692,861,849,81.243,61.88,61.911,0.058,2
0.492300441,0.102443469,0.084319672,0.265550266,782,801.4,63.057,61.88,61.942,0.07,2
0.552589976,0.131160567,0.080711721,0.190716822,821,877.2,150.179,61.88,61.927,0.066,2
0.559686212,0.146958312,0.066271369,0.182378943,822,825.4,67.447,61.88,61.942,0.07,2
0.609660606,0.141720667,0.068912727,0.145516421,901,949.2,171.527,62.02,61.989,0.058,2
0.553961999,0.155112545,0.080096056,0.166825439,902,973.2,108.385,61.88,61.894,0.082,2
0.578839036,0.158061426,0.082554696,0.147825639,841,889.6,86.203,61.88,61.942,0.07,2
0.378873277,0.143806511,0.115931029,0.290938529,842,861.2,68.881,62.02,61.941,0.098,2
0.558331088,0.135269872,0.085686873,0.180798572,862,861.4,97.202,62.02,61.958,0.07,2
0.583047897,0.129190017,0.076399264,0.172763881,881,909,64.377,61.88,61.926,0.137,2
0.650476463,0.147379535,0.064572614,0.113902521,1121,1129.2,127.426,61.88,61.926,0.096,2
0.716684065,0.116265725,0.054998798,0.092290237,881,849.4,109.26,62.02,62.022,0.138,2
0.682196513,0.127169048,0.065353526,0.101920543,720,833,158.746,62.02,62.058,0.18,2
0.63472644,0.175835286,0.066028413,0.099074851,901,885.2,73.202,62.02,61.974,0.096,2
0.434631746,0.141553314,0.094463093,0.269835974,921,909.4,34.783,61.88,61.942,0.07,2
0.595028808,0.144445507,0.07585759,0.157495305,901,865.2,54.466,61.88,61.942,0.12,2
0.594317921,0.159887966,0.085706045,0.131786242,871.5,861,54.41,61.88,61.86,0.145,2
0.568630472,0.151259653,0.076363493,0.166884931,861,861.25,62.93,61.88,61.893,0.107,2
0.60923712,0.124141514,0.078470184,0.154222326,841,841.25,86.372,62.02,62.04,0.145,2
0.517729193,0.174164402,0.098492498,0.174834626,872,866.25,61.018,62.02,62.058,0.18,2
0.543249958,0.200384514,0.081893802,0.143221869,941,921.5,61.65,62.02,61.941,0.17,2
0.369714189,0.148220338,0.095039839,0.31788006,1011,1006.25,29.38,62.02,61.957,0.098,2
0.462127635,0.148076069,0.090568457,0.241736514,1051,1041.5,50.801,62.02,61.908,0.133,2
0.486610602,0.146998002,0.099422564,0.223709613,981.5,981.5,88.996,61.88,61.846,0.135,2
0.701031879,0.138174838,0.053305668,0.087402855,951.5,916.25,128.288,61.88,61.959,0.139,2
0.669308773,0.136828902,0.067376699,0.101618447,1031,971.5,109.728,61.73,61.746,0.129,2
0.657079767,0.128861326,0.071409491,0.119700436,961,951,114.455,61.88,61.829,0.121,2
0.603854447,0.133357294,0.073054557,0.158545871,1071,1056.25,170.844,61.88,61.91,0.636,2
0.406806046,0.133039721,0.110836366,0.278098631,1031,1061.25,83.428,62.61,62.203,0.699,2
