Rdelta,Rtheta,Ralpha,Rbeta,MedianNN,MedianX,Class
0.743037607,0.08020347,0.052392039,0.106610594,641,36.8,0
0.702372442,0.114125849,0.053172858,0.109710605,622,36.95,0
0.62033809,0.167035897,0.07225443,0.117871232,621.5,36.22,0
0.75719251,0.090378895,0.051246246,0.083650372,621,36.22,0
0.652563033,0.147962578,0.073018661,0.10379426,621.5,36.8,0
0.712715176,0.130172962,0.046944429,0.091218199,641,36.95,0
0.679304416,0.090518885,0.05880785,0.143028569,651,36.95,0
0.761713737,0.094579727,0.048046431,0.080638574,651,36.95,0
0.677793876,0.139872636,0.055755375,0.104882864,641,36.95,0
0.792530195,0.081793681,0.038627586,0.07322561,641,36.95,0
0.71230927,0.093692404,0.047697549,0.117467174,661.5,36.51,0
0.79053008,0.083422342,0.037834925,0.074004675,651,36.07,0
0.770614527,0.095489798,0.043657974,0.07499228,611,35.92,0
0.709692135,0.106332968,0.061542827,0.100637932,671,35.78,0
0.69706391,0.131345073,0.051102335,0.098788475,661,35.63,0
0.671772913,0.136751492,0.054692852,0.11036952,641,35.63,0
0.675488841,0.122788241,0.069567049,0.107603722,631.5,35.34,0
0.725427609,0.116261475,0.049083806,0.088883917,651.5,37.98,0
0.833903797,0.057235842,0.037018692,0.058698011,650.5,37.98,0
0.753387742,0.131251396,0.038035784,0.062341755,641.5,37.98,0
0.809552709,0.068941161,0.042656233,0.065052494,641,38.12,0
0.802886772,0.079986338,0.042041997,0.062423056,660,38.12,0
0.785569019,0.078708931,0.041324357,0.078797547,641.5,38.12,0
0.643554077,0.115395039,0.069501495,0.142465291,622,38.12,0
0.650033805,0.127482262,0.061822032,0.133721315,641,38.12,0
0.75273981,0.107573107,0.033667141,0.08501619,621.5,38.12,0
0.710906763,0.0932989,0.052481829,0.117809922,671,38.27,0
0.782930915,0.09383966,0.03201978,0.073812416,671,38.27,0
0.745181241,0.090030576,0.050207665,0.097209824,661,38.27,0
0.757743074,0.085550193,0.045451655,0.092549301,641.5,38.42,0
0.767972432,0.088281284,0.043515548,0.080937374,650.5,38.27,0
0.628181779,0.142403384,0.065213216,0.134974371,660.5,38.27,0
0.688928693,0.112576859,0.058154521,0.114448651,641.5,38.27,0
0.563893812,0.152373875,0.08152873,0.165951502,681,38.27,0
0.783484054,0.091056607,0.033966252,0.075102183,651.5,38.27,0
0.607471418,0.141612746,0.073982143,0.146989192,641,38.27,0
0.542684749,0.120870764,0.081309609,0.205406799,641,38.27,0
0.642041518,0.105750987,0.064667657,0.160163063,680.5,38.27,0
0.603267874,0.138882914,0.072575327,0.158197781,651,38.27,0
0.657067668,0.102767056,0.078315607,0.136251284,621,38.27,0
0.595179248,0.177606843,0.072998683,0.128648606,621,38.27,0
0.746464873,0.089365469,0.043089665,0.098149153,621.5,38.27,0
0.829854074,0.065743922,0.02828719,0.062415446,650.5,38.27,0
0.73030197,0.096221862,0.049255512,0.10033544,641,38.27,0
0.754950698,0.086454382,0.044821874,0.095416172,641,38.27,0
0.620437448,0.135861386,0.067747625,0.142152397,581.5,38.27,0
0.813235995,0.068084097,0.031620802,0.070100866,660.5,38.27,0
0.614678488,0.150272528,0.069095379,0.135154169,681,38.27,0
0.779609462,0.066939635,0.043761278,0.085824954,700.5,38.27,0
0.680486761,0.112773692,0.057062307,0.118438909,661,38.12,0
0.542016664,0.155951016,0.086399911,0.181243272,660.5,38.12,0
0.572540396,0.152138811,0.083544432,0.154532806,662,38.12,0
0.68859883,0.118262283,0.055906413,0.113872226,671.5,38.27,0
0.74024887,0.095615523,0.047275915,0.097187676,661.5,38.27,0
0.713851309,0.107641228,0.058456967,0.097159428,661,38.27,0
0.744444725,0.093663474,0.050945381,0.08794953,681.5,38.27,0
0.817276983,0.06168061,0.033690933,0.069254411,621,36.07,0
0.665731602,0.125712145,0.055727031,0.12892182,620.5,36.07,0
0.680914693,0.1256207,0.058874307,0.111927015,662,36.07,0
0.714586158,0.093492858,0.054491968,0.114918105,671,36.07,0
0.684630084,0.126694036,0.057919311,0.108980001,641,35.92,0
0.65947313,0.113489498,0.065760544,0.136213299,671.5,35.92,0
0.730905796,0.068018404,0.048741891,0.126584179,661.5,36.07,0
0.613828656,0.120227572,0.082552447,0.151329941,641,36.07,0
0.675586671,0.120793222,0.058763464,0.116974992,641,35.92,0
0.661193675,0.140729949,0.053536815,0.116987445,641,35.92,0
0.703888297,0.111945986,0.046314871,0.109026858,632,35.92,0
0.669109088,0.107814085,0.0636391,0.130143084,661.5,36.07,0
0.537278568,0.168082492,0.081983952,0.176835277,671.5,36.07,0
0.563820999,0.145513541,0.075898799,0.172886824,661,35.92,0
0.564740576,0.163888676,0.078752348,0.157536855,661,36.07,0
0.775317317,0.084637398,0.039200932,0.082185136,651,35.92,0
0.670591742,0.11308316,0.065282286,0.124600578,681,35.92,0
0.670771934,0.120002961,0.060364411,0.121098867,681,36.07,0
0.823240575,0.076391841,0.030863216,0.058355305,681,36.07,0
0.656207609,0.151298111,0.05871956,0.110214441,671.5,36.07,0
0.67329788,0.124595657,0.067120266,0.112778718,671.5,36.22,0
0.606359522,0.149324332,0.076249295,0.136423136,702,39.44,0
0.754942248,0.111448699,0.044665064,0.072408773,681,39,0
0.697814738,0.097091191,0.056812385,0.122192932,661,38.56,0
0.608105026,0.164342875,0.06444539,0.134874353,641.5,38.12,0
0.808034265,0.071174012,0.030907307,0.07277166,662,37.83,0
0.748497732,0.099731465,0.04100517,0.090854087,661.5,37.68,0
0.738924447,0.089765665,0.044399294,0.102375437,641.5,37.54,0
0.724206916,0.102009852,0.049711968,0.101047196,671,37.24,0
0.64951817,0.094713604,0.08149425,0.141956313,681.5,37.24,0
0.770520806,0.083403064,0.036211828,0.09169109,701,36.95,0
0.695514607,0.100772092,0.045362369,0.129478622,701,36.8,0
0.628743036,0.133249294,0.051983231,0.149111001,691,36.66,0
0.547263878,0.148954311,0.076925333,0.184333715,681,36.8,0
0.509655146,0.155513657,0.091005048,0.197401807,641,36.66,0
0.720148287,0.076219338,0.047969417,0.127169005,651,38.86,0
0.770652725,0.08509926,0.044142747,0.08250223,661,38.86,0
0.630718812,0.108382691,0.057942395,0.16592509,690.5,38.71,0
0.796533902,0.080197755,0.040780929,0.069130647,701.5,38.56,0
0.676356157,0.140881812,0.056282992,0.103991381,661,38.56,0
0.709427194,0.114838016,0.061529642,0.093654253,661.5,38.42,0
0.583197619,0.140157798,0.070085907,0.170567209,700.5,38.27,0
0.71906172,0.116206283,0.055310896,0.088165307,700.5,38.27,0
0.617496469,0.149410857,0.068403582,0.13865911,660.5,38.27,0
0.69815197,0.123291405,0.060855831,0.095407132,661,39.74,0
0.794363538,0.084532569,0.036089565,0.07137523,661,39.59,0
0.732088566,0.109924484,0.047052358,0.093596979,661.5,39.59,0
0.721340952,0.0854786,0.04367613,0.121634879,651,39.3,0
0.669586785,0.116821128,0.053226034,0.130274628,621,39.15,0
0.783493019,0.073514187,0.036086401,0.087939732,621,39.15,0
0.758731962,0.088399287,0.047386556,0.083042071,631.5,38.86,0
0.517907526,0.133053908,0.099508781,0.204885756,641,38.71,0
0.613231506,0.120405232,0.070371318,0.163260556,650.5,38.86,0
0.575184753,0.164712368,0.074924627,0.150861006,660.5,38.71,0
0.57672729,0.152574467,0.077753263,0.154063003,641.5,38.42,0
0.663015223,0.111505293,0.056595782,0.137843205,641.5,38.56,0
0.699886548,0.104773188,0.056040541,0.114607173,661.5,38.42,0
0.586323652,0.151973895,0.08018389,0.150620666,681.5,38.49,0
0.78349261,0.083840125,0.041610186,0.072859177,662,39.74,0
0.575091405,0.16416332,0.0689906,0.159782205,692,39.59,0
0.822445648,0.061580767,0.032795086,0.06766548,660.5,39.3,0
0.747222243,0.093284724,0.04320109,0.094456017,631.5,39.15,0
0.747912305,0.092090169,0.046772296,0.093791133,621.5,38.86,0
0.609695784,0.171448134,0.073892485,0.120670642,641.5,38.86,0
0.578542047,0.138754928,0.08841396,0.1629957,641,38.785,0
0.553194424,0.154492199,0.084959915,0.173081959,681,38.56,0
0.567446769,0.149124484,0.075078912,0.178388273,691,38.49,0
0.490948199,0.195151081,0.092364985,0.18304824,662,38.42,0
0.642509409,0.170800853,0.058177076,0.106715615,681,38.195,0
0.628359861,0.103603462,0.056834966,0.168832902,681,38.27,0
0.674203301,0.10192689,0.049141324,0.14353996,721,38.27,0
0.493120858,0.14585397,0.084294978,0.227084859,661,37.98,0
0.602762618,0.131149889,0.073838644,0.157614837,701,37.98,0
0.606556375,0.122756792,0.064652147,0.17011346,711,37.98,0
0.698543749,0.100242694,0.053083422,0.117908274,711.5,37.98,0
0.582449583,0.138047188,0.076989201,0.16453462,671.5,37.83,0
0.60012264,0.132711177,0.072581392,0.16527066,651,39.295,0
0.675630892,0.11524838,0.049961688,0.132391898,631,40.91,0
0.649980494,0.104483786,0.065916324,0.14957151,691,40.91,0
0.744821451,0.08993299,0.051467639,0.090296899,691.5,40.91,0
0.521717942,0.149870671,0.084859774,0.193606255,681,40.91,0
0.70880849,0.082737392,0.054640843,0.123786185,661.5,40.91,0
0.638046998,0.112913153,0.057786969,0.154993131,661,40.76,0
0.735089292,0.096036993,0.04999171,0.099936485,661,40.76,0
0.770278966,0.087450935,0.044595478,0.081567646,661.5,40.76,0
0.783551996,0.065520346,0.035668846,0.092872274,621,40.91,0
0.635893584,0.117623057,0.054266162,0.159174937,641,40.76,0
0.52771529,0.142427029,0.086439257,0.193302913,681,40.76,0
0.672477636,0.083707054,0.057778977,0.15298831,652,40.76,0
0.641604129,0.127040616,0.063886688,0.134214405,631.5,40.91,0
0.703841663,0.105983813,0.056602115,0.109159368,711,40.76,0
0.550483651,0.146728847,0.083278392,0.180750602,681.5,40.76,0
0.576004883,0.145509107,0.078443454,0.163518374,681,40.76,0
0.755473513,0.070497194,0.047981445,0.104290992,681,40.62,0
0.500181216,0.165221262,0.092577783,0.198733223,681.5,40.69,0
0.705023998,0.105100068,0.049618041,0.113182491,691,40.76,0
0.627783926,0.100573579,0.060077941,0.170675288,681.5,40.62,0
0.665502104,0.103502734,0.067770089,0.136556475,691,40.62,0
0.711763381,0.121331963,0.048740306,0.092677611,660.5,40.62,0
0.638041344,0.132744676,0.065498925,0.133723516,731,40.62,0
0.714549656,0.101943782,0.049530675,0.107697155,721,40.62,0
0.710441512,0.116189198,0.044280671,0.107573803,701.5,40.62,0
0.556121332,0.170806553,0.073820597,0.163932448,690.5,40.62,0
0.5848445,0.161142098,0.07324558,0.147857299,681,40.47,0
0.549358848,0.114533707,0.079596442,0.215310181,701,40.47,0
0.767709462,0.073055361,0.038019762,0.097973681,681,40.62,0
0.777630943,0.072804032,0.0473097,0.084238331,681,40.62,0
0.810658022,0.064154077,0.034794968,0.075388488,681,40.545,0
0.735113684,0.093604232,0.050429672,0.100027984,621.5,40.47,0
0.802848097,0.063901624,0.03644662,0.079819238,641,40.47,0
0.639900345,0.123438189,0.053445728,0.148533156,681,40.47,0
0.450881721,0.158016279,0.102938692,0.237821161,691.5,40.395,0
0.765412573,0.081418207,0.045025829,0.084449232,691.5,40.47,0
0.562591282,0.133177347,0.073859629,0.186736947,711.5,40.32,0
0.762800988,0.089519859,0.047673506,0.080424592,701.5,40.32,0
0.666626071,0.099194682,0.057215201,0.146002374,691.5,40.32,0
0.79698435,0.063062868,0.036114623,0.083352906,721,40.395,0
0.816982519,0.066803463,0.027199457,0.06821008,711,40.32,0
0.802254475,0.066537373,0.029558574,0.07996459,701,40.32,0
0.772597602,0.080645372,0.035142839,0.090890573,660.5,40.32,0
0.608944596,0.125523482,0.071637432,0.159712525,681,40.32,0
0.737829401,0.087722902,0.041313262,0.109195411,681,40.32,0
0.62828345,0.130422492,0.06697312,0.14299294,691,40.18,0
0.784795245,0.070127452,0.040828413,0.08179766,700.5,40.32,0
0.595023997,0.164588189,0.058844722,0.147668026,691.5,40.32,0
0.616522076,0.196281954,0.067252322,0.096519684,691,40.32,0
0.50944288,0.152690907,0.078587296,0.215693405,661,40.32,0
0.601693156,0.129576255,0.079668428,0.149892216,710.5,40.32,0
0.636639484,0.122936377,0.062063477,0.143719968,681.5,40.32,0
0.722102785,0.111399947,0.037990936,0.107462163,711,40.32,0
0.817882477,0.063079079,0.033858085,0.068455049,691,40.32,0
0.751802288,0.087367477,0.04009138,0.09967071,681,40.32,0
0.764927852,0.076241496,0.04090163,0.097263518,641,40.32,0
0.796673943,0.075829166,0.033245902,0.074196679,671,40.32,0
0.744765959,0.08142025,0.047015834,0.101238275,690.5,40.25,0
0.531154833,0.185950391,0.080544777,0.168320787,681.5,40.18,0
0.796776581,0.076534722,0.037566365,0.072255851,690.5,40.18,0
0.630622434,0.105119831,0.061844209,0.164314109,710.5,40.25,0
0.738848113,0.077757984,0.040358641,0.113717688,661,40.32,0
0.768348518,0.071650672,0.039398044,0.097322238,671.5,40.32,0
0.641558456,0.124398573,0.049478153,0.150288064,671.5,40.32,0
0.555261298,0.166883579,0.075391585,0.164765048,721,40.32,0
0.73973155,0.098517651,0.041906304,0.098071082,700,40.32,0
0.745021628,0.089439684,0.045216998,0.100001513,682,40.32,0
0.794482031,0.088458483,0.036218374,0.065618368,680.5,40.32,0
0.780172292,0.092133577,0.035420005,0.076177532,701.5,40.32,0
0.801214199,0.082877226,0.03158615,0.069212612,710.5,40.32,0
0.76578005,0.082870362,0.047814202,0.087345282,690.5,40.32,0
0.790811366,0.082985594,0.031383519,0.078779147,701,40.32,0
0.642506947,0.137775034,0.05836358,0.132922845,711,40.32,0
0.791247107,0.086148043,0.033243308,0.07340227,740.5,40.32,0
0.716502792,0.112479289,0.053425936,0.097579207,702,40.395,0
0.708065763,0.133198346,0.04421807,0.093725184,741.5,40.32,0
0.775761523,0.09169723,0.042103922,0.073864267,720.5,40.32,0
0.792979212,0.083218368,0.029970619,0.076074016,741,40.32,0
0.713104365,0.107993721,0.052278008,0.105387035,721,40.32,0
0.570879293,0.153049011,0.082424727,0.164677734,742,40.32,0
0.819948155,0.07793881,0.030575345,0.059077568,730.5,40.32,0
0.817282373,0.065099307,0.038777179,0.06558481,700.5,40.32,0
0.792744875,0.089851858,0.030069925,0.07081874,601.5,40.32,0
0.808204242,0.078607584,0.032624501,0.066434927,681,40.32,0
0.703964409,0.118174055,0.050137139,0.106393872,671,40.32,0
0.662296227,0.110879492,0.064954869,0.131008984,711.5,40.32,0
0.800513784,0.080273153,0.038290661,0.065905129,701.5,40.32,0
0.761535482,0.109546849,0.043545371,0.070862857,711,40.25,0
0.729211356,0.135472394,0.046665854,0.07155067,681.5,40.32,0
0.850180693,0.065641971,0.025659068,0.046881322,681,40.32,0
0.626368442,0.158185173,0.068583374,0.118155092,710.5,40.32,0
0.72715031,0.089488312,0.048673243,0.112054672,771,42.67,1
0.560267926,0.163527516,0.072188375,0.170682912,781,42.67,1
0.77282692,0.077290607,0.038580841,0.091851733,801.5,42.67,1
0.740181319,0.082325072,0.047685642,0.106004793,761,42.52,1
0.7569009,0.08422358,0.037373667,0.101843425,750,42.67,1
0.638486222,0.122365587,0.057711437,0.151886262,821,42.67,1
0.768019942,0.074296242,0.048202119,0.090513187,801.5,42.67,1
0.529837774,0.164783554,0.077536447,0.192014911,821,42.52,1
0.70316745,0.096456183,0.052339936,0.123894931,851,42.67,1
0.712270546,0.094588774,0.049561868,0.115483467,821.5,42.67,1
0.735295015,0.088537615,0.039583719,0.11472245,831.5,42.67,1
0.701484442,0.094623636,0.049852955,0.128103143,781,42.67,1
0.732277071,0.094233837,0.043817737,0.108380934,821.5,42.67,1
0.67597281,0.120317194,0.04388755,0.134171417,801,42.67,1
0.689843662,0.104367271,0.056269635,0.120475511,770.5,42.67,1
0.736965366,0.084522731,0.046927549,0.107744847,801.5,42.52,1
0.674780831,0.100651784,0.054379905,0.141338736,761,42.23,1
0.681954241,0.110534425,0.058569311,0.125160487,791.5,42.23,1
0.797442752,0.071577781,0.040397925,0.072262857,771.5,42.08,1
0.538496347,0.170654189,0.11366353,0.148486291,781,42.08,1
0.669552061,0.125437154,0.065220515,0.115364881,751.5,42.08,1
0.626538963,0.141598197,0.072661931,0.132752453,750.5,42.23,1
0.702088172,0.112437183,0.062176797,0.101341894,771,42.52,1
0.691629778,0.102246272,0.055905889,0.122604633,761.5,42.52,1
0.673486017,0.126885369,0.066986719,0.11121387,801,42.52,1
0.732588359,0.105549311,0.048148492,0.09428922,771,42.52,1
0.736057895,0.097586969,0.053717832,0.092983414,861.5,42.52,1
0.709002317,0.10015805,0.056608406,0.113256458,741.5,42.52,1
0.64098748,0.124346785,0.05780209,0.146078745,830.5,42.38,1
0.76649538,0.084991398,0.048040395,0.083044221,831.5,42.38,1
0.746942317,0.083092826,0.053116173,0.096330846,841.5,42.38,1
0.779946973,0.079851268,0.042489664,0.079618359,781,42.38,1
0.772349933,0.080031627,0.040257809,0.089580682,800.5,42.38,1
0.724406557,0.093987206,0.055593625,0.103302164,771.5,42.38,1
0.670961503,0.126058085,0.059690696,0.116975002,821,42.38,1
0.726603105,0.099628734,0.050649109,0.102738169,791,42.23,1
0.670940633,0.122103811,0.061412104,0.11903206,791.5,41.94,1
0.650114076,0.123056664,0.079768319,0.121908895,771,41.94,1
0.610141821,0.145945413,0.078332303,0.137136836,740,41.94,1
0.704010824,0.126155956,0.050516172,0.097548184,771.5,41.94,1
0.750489697,0.084251494,0.053528449,0.091429923,721.5,41.94,1
0.630523357,0.144726175,0.080587941,0.118037379,760.5,41.79,1
0.647222448,0.122164695,0.073565518,0.131476491,751.5,41.79,1
0.715444906,0.105326427,0.053526731,0.104934619,700.5,41.79,1
0.707960632,0.094872878,0.06373168,0.109414923,711,41.64,1
0.635403681,0.139118234,0.075557897,0.124693758,771.5,41.79,1
0.74580726,0.096341224,0.047669692,0.093434717,760.5,41.79,1
0.766742697,0.084986029,0.044970219,0.084565278,791.5,41.64,1
0.612944962,0.121893115,0.067696481,0.166328073,761,41.715,1
0.801789425,0.071229862,0.029660522,0.079978416,781.5,41.79,1
0.810213252,0.070959065,0.034264953,0.069812619,711.5,41.715,1
0.69408421,0.109770937,0.070720546,0.104833899,811,41.79,1
0.720598771,0.098354141,0.046975982,0.109391385,831.5,41.64,1
0.653600463,0.143873005,0.058735769,0.116840088,791,41.64,1
0.747366456,0.098081617,0.043366281,0.092974217,761,41.64,1
0.798280821,0.071419198,0.035870043,0.077695464,761.5,41.64,1
0.64333853,0.121198284,0.066112698,0.136515527,791,41.64,1
0.765971311,0.086548733,0.037962885,0.090895825,811.5,41.64,1
0.776305301,0.063731222,0.043468842,0.097925028,781,41.715,1
0.698107151,0.114377258,0.054769999,0.107971046,811,41.64,1
0.73610936,0.093624291,0.047457335,0.099929413,781,41.64,1
0.757792507,0.098774963,0.043924248,0.082769589,781.5,41.64,1
0.693769598,0.107331057,0.05366328,0.11655724,781,41.64,1
0.718322946,0.099393084,0.043102562,0.113915343,761.5,41.64,1
0.759730446,0.080447685,0.043743039,0.098664712,761,41.64,1
0.745113047,0.076855674,0.047284733,0.107903664,801.5,41.64,1
0.749332322,0.085547429,0.04772239,0.096238496,781,41.64,1
0.721482693,0.098509902,0.05145161,0.106789175,791,41.64,1
0.689113217,0.099166296,0.062380789,0.124761759,730,41.715,1
0.805554478,0.079346865,0.035660529,0.065595532,721.5,41.57,1
0.800321178,0.070693037,0.045030829,0.069790554,811,41.64,1
0.747495013,0.081965791,0.041669173,0.105095215,812,41.5,1
0.674873453,0.119810672,0.061254457,0.118971819,811.5,41.57,1
0.760226165,0.091228846,0.047888892,0.078867571,731,41.57,1
0.755725114,0.092578857,0.051282305,0.083737345,771,41.5,1
0.71088405,0.088027166,0.054822588,0.121585463,831,41.57,1
0.704411167,0.113624958,0.050818525,0.111049055,801.5,41.715,1
0.708005806,0.099859385,0.056662119,0.111877058,791.5,41.57,1
0.688464216,0.107694097,0.057689892,0.122747019,771,41.64,1
0.70427255,0.110905801,0.059028357,0.102774665,811.5,41.57,1
0.698688281,0.12046436,0.044444282,0.110881582,771,41.64,1
0.712851957,0.102006409,0.05070603,0.113165942,801,41.64,1
0.683314511,0.120665604,0.045715006,0.129093308,841,41.64,1
0.723455615,0.110683152,0.038688805,0.105837473,811,41.64,1
0.755428905,0.089485885,0.039361559,0.09811982,791,41.64,1
0.736189233,0.092329734,0.050359835,0.099262872,731.5,41.64,1
0.770792822,0.084106514,0.038859393,0.087727891,771,41.64,1
0.674637373,0.144508012,0.056815901,0.100177013,701,41.57,1
0.720394285,0.115300924,0.039619664,0.102708359,831.5,41.57,1
0.757941788,0.089255282,0.039832003,0.095024204,771.5,41.715,1
0.727155955,0.09498009,0.041952602,0.112928928,831.5,41.64,1
0.734190794,0.088329231,0.046202389,0.108795173,782,41.64,1
0.725541052,0.084519929,0.041171171,0.120802097,781.5,41.64,1
0.673328438,0.107788995,0.052820806,0.137192622,740.5,41.57,1
0.775842362,0.058033156,0.038221187,0.105888414,731,41.64,1
0.744427807,0.08490446,0.037691673,0.109272442,811.5,41.5,1
0.67350972,0.11932746,0.056587194,0.126803264,831.5,41.64,1
0.628818973,0.105797446,0.062747288,0.166443834,841,41.425,1
0.76766303,0.084756119,0.042164065,0.089800904,811,41.715,1
0.763142901,0.098558418,0.033488017,0.088814092,791,41.57,1
0.702194883,0.079868872,0.055622764,0.134783965,811,41.5,1
0.718708814,0.104431418,0.047918621,0.105471505,821.5,41.5,1
0.676009501,0.098924956,0.059639589,0.140211743,831,41.5,1
0.769893331,0.078784962,0.039389695,0.092916076,821.5,41.5,1
0.717892274,0.101485429,0.04927447,0.107764591,731,41.64,1
0.767237897,0.083026302,0.047727874,0.084000639,781,41.57,1
0.765244756,0.080483839,0.051290048,0.087132233,751.5,41.64,1
0.690367734,0.126545946,0.053368924,0.10655367,780.5,41.06,1
0.730820632,0.104218137,0.046605013,0.100704115,851.5,41.06,1
0.683130703,0.131330402,0.04821779,0.110857121,791,41.06,1
0.737577515,0.094272715,0.048016298,0.097703601,731.5,41.13,1
0.706083277,0.0983761,0.066464664,0.107914876,691.5,41.06,1
0.541497047,0.145227013,0.078793525,0.196938898,841.5,41.06,1
0.614271382,0.156437202,0.063610553,0.138221915,820.5,41.06,1
0.699333091,0.120922337,0.04964673,0.109472805,842,57.77,1
0.701386859,0.109787967,0.062361257,0.105135886,891.5,57.92,1
0.714107451,0.101898823,0.045858116,0.116005456,801.5,57.92,1
0.672195871,0.124221373,0.05498545,0.126005948,811,57.99,1
0.727860288,0.106951149,0.04925956,0.096829374,821,57.92,1
0.72075707,0.092689193,0.05390341,0.112569492,801.5,58.06,1
0.752406547,0.096574593,0.044165149,0.089310423,801,58.06,1
0.748237703,0.096962803,0.050760368,0.087609205,771,57.92,1
0.669955259,0.142153137,0.058120206,0.107936524,721,58.06,1
0.69195409,0.124989054,0.055930018,0.10727941,821,57.99,1
0.651768998,0.145776543,0.060988369,0.119487575,811,58.06,1
0.746644862,0.109496815,0.04800162,0.078436283,711.5,57.99,1
0.659113836,0.099010186,0.060079357,0.154995998,781,57.55,1
0.629887355,0.131366842,0.05747533,0.153519701,781.5,56.525,1
0.698142188,0.122208724,0.051434754,0.108311614,731,52.345,1
0.687628376,0.115990947,0.051079061,0.121982069,721,47.51,1
0.644112718,0.140427693,0.064528879,0.12928777,761,45.31,1
0.670009356,0.115042764,0.058482207,0.130303229,821,43.84,1
0.540389226,0.163042382,0.091179597,0.175233917,751.5,42.82,1
0.561168681,0.158146927,0.065121778,0.179939222,731.5,42.085,1
0.710994549,0.106371243,0.050152514,0.111144337,881,41.64,1
0.713398416,0.094315003,0.056922794,0.114247797,821.5,42.375,1
0.633114091,0.145138504,0.064619138,0.132810625,780.5,49.34,1
0.600556694,0.147119994,0.064010872,0.156724036,771,53.08,1
0.602742537,0.143480766,0.069178469,0.157292507,801,54.91,1
0.651433262,0.128264519,0.065517918,0.131264424,842,55.425,1
0.559715451,0.147786808,0.084853357,0.179457923,821,55.795,1
0.659795508,0.117588743,0.056720911,0.140219419,810.5,56.01,1
0.557861696,0.151026969,0.088255769,0.172795282,880.5,56.16,1
0.6759182,0.114739644,0.066899497,0.119492986,882,56.45,1
0.571040493,0.142014871,0.085809986,0.169854636,831.5,56.595,1
0.628051455,0.128793477,0.05990352,0.155268202,881.5,56.67,1
0.66147361,0.104857033,0.061645526,0.14490283,811,56.74,1
0.710718884,0.10036525,0.054831349,0.112971091,881,56.815,1
0.64811119,0.123201079,0.054265255,0.147659834,891.5,57.04,1
0.584829125,0.172032308,0.060326729,0.152668549,841,57.04,1
0.636404469,0.131406225,0.056512144,0.14933529,831.5,57.04,1
0.666944738,0.14307594,0.054660941,0.113515827,831,41.79,1
0.777484975,0.102222031,0.035214773,0.071739318,861,50.37,1
0.645682436,0.196343241,0.06566466,0.074902657,891.5,56.82,1
0.682259647,0.164821962,0.052323981,0.082328111,811,57.33,1
0.725484212,0.136740171,0.04460863,0.07577787,851,55.205,1
0.746581901,0.120977386,0.039674505,0.078630376,781,52.42,1
0.715054706,0.127215651,0.046838622,0.091965837,791,50.66,1
0.800328732,0.078932701,0.0387349,0.067894986,731.5,49.12,1
0.776407038,0.092384499,0.044012436,0.072410914,851.5,47.14,1
0.540780832,0.153212337,0.065969299,0.193027351,871.5,45.97,1
0.725700809,0.129594749,0.04353116,0.083741323,870.5,45.16,1
0.652608386,0.181001436,0.058945565,0.083848948,801,44.43,1
0.704237021,0.140951152,0.051563183,0.081254604,880.5,44.06,1
0.705002087,0.127873019,0.053715779,0.093572453,871.5,43.55,1
0.664736831,0.163505097,0.065518757,0.087956703,900.5,43.33,1
0.588148561,0.200220848,0.068341859,0.11858541,771.5,43.035,1
0.637138062,0.173674528,0.064763208,0.10056448,851.5,42.745,1
0.67233705,0.138048457,0.062574542,0.104199826,871.5,42.525,1
0.667278781,0.162628756,0.053947566,0.092373184,841.5,42.08,1
0.717085933,0.129632535,0.049419517,0.086494545,832,42.08,1
0.561355459,0.231848045,0.070150422,0.108062897,851.5,41.94,1
0.703383123,0.130101443,0.053291171,0.095351539,841,41.57,1
0.730698144,0.125374767,0.046881666,0.078381775,891.5,41.425,1
0.735490013,0.120924784,0.046072743,0.081268542,910.5,41.35,1
0.738614919,0.130333571,0.044751294,0.068854858,901.5,41.13,1
0.731254739,0.152600528,0.03749706,0.063909317,921.5,41.13,1
0.757290805,0.120799827,0.04251132,0.065500171,881,42.595,1
0.78075281,0.08481412,0.035490766,0.080777357,811.5,44.79,1
0.727734208,0.129777979,0.048775399,0.077887247,831,49.78,1
0.713188341,0.147837696,0.052868416,0.071949545,662,52.785,1
0.652222775,0.170502643,0.058970469,0.097547661,891.5,54.47,1
0.733882068,0.116552433,0.04884616,0.082963234,841.5,56.52,1
0.707891004,0.117694551,0.069557939,0.08640382,811.5,57.55,1
0.814280515,0.086307851,0.032746782,0.053722824,831,58.36,1
0.729567247,0.130974442,0.049209977,0.073076355,820.5,58.65,1
0.744692251,0.111349762,0.046721894,0.078167979,831,58.065,1
0.720557121,0.129137681,0.049327573,0.084736688,861,57.035,1
0.713060239,0.138181118,0.052311001,0.079972173,791,56.23,1
0.755017125,0.103153162,0.042721131,0.08123827,801.5,54.33,1
0.736502267,0.099417453,0.049044052,0.092705976,831,51.17,1
0.768024924,0.09166387,0.046512094,0.08002609,890.5,48.755,1
0.775512251,0.083014143,0.043882419,0.07874287,871,47.14,1
0.724791436,0.117245433,0.049998836,0.090666802,821,45.455,1
0.690943996,0.086058291,0.057312699,0.136529027,820.5,44.28,1
0.753855799,0.095731991,0.043371568,0.086411942,902,43.77,1
0.715668089,0.104067098,0.045853307,0.113908448,861,43.185,1
0.756144673,0.081573856,0.046779189,0.097749717,920.5,42.815,1
0.763513162,0.109321727,0.039837048,0.074125756,891.5,42.38,1
0.654578855,0.118004787,0.069450455,0.130349531,891,42.01,1
0.738994713,0.095753011,0.057651934,0.090177171,881,41.715,1
0.699856666,0.122453197,0.054313418,0.102792821,931,41.495,1
0.690035174,0.134874021,0.060810309,0.094989945,901,41.275,1
0.788331178,0.072184843,0.038718761,0.083746942,891.5,41.06,1
0.778235521,0.095464354,0.038258442,0.073460752,880,46.625,1
0.738758361,0.101515645,0.048629692,0.091992753,911,51.685,1
0.749829855,0.10869219,0.039954864,0.081457937,921.5,53.445,1
0.740277429,0.106218095,0.042998292,0.092164594,881.5,56.525,1
0.683346699,0.104877411,0.074883372,0.115088362,861.5,57.77,1
0.6659888,0.148575238,0.06124697,0.101880167,881.5,58.285,1
0.694334508,0.123107054,0.053677462,0.107224241,901.5,58.36,1
0.687690575,0.120668355,0.049958963,0.117825397,901.5,58.575,1
0.69117222,0.109583145,0.06032669,0.112456738,822,58.72,1
0.668746964,0.118984246,0.064381113,0.121887396,741,58.87,1
0.717813233,0.125033967,0.048312197,0.090464382,921,58.94,1
0.533259917,0.131962666,0.077378652,0.21206106,861,58.87,1
0.765485659,0.095967702,0.037936506,0.0847091,762,58.94,1
0.712518249,0.10925443,0.057782259,0.098707434,822,58.94,1
0.649621116,0.117640873,0.068406625,0.136166887,842,58.94,1
0.720222803,0.110312405,0.048005606,0.099431187,781,58.94,1
0.584858469,0.184788643,0.071793223,0.126608392,801,62.17,2
0.604487678,0.164485051,0.068961874,0.135387766,1020,62.17,2
0.523303154,0.241152948,0.073311282,0.133203229,922,62.17,2
0.599869253,0.163435369,0.066776586,0.142795558,941,62.17,2
0.581496746,0.166702162,0.070394461,0.150694403,941,62.17,2
0.599059136,0.167565599,0.070377567,0.131817713,920,62.245,2
0.534895557,0.154120715,0.083404535,0.18404233,982,62.17,2
0.537481542,0.136286374,0.100354073,0.181641596,922,62.17,2
0.62027701,0.167798179,0.069417228,0.114596231,882,62.245,2
0.623596679,0.144451608,0.078410511,0.126983977,1001,62.17,2
0.588514801,0.134095572,0.07319966,0.169915145,980,62.17,2
0.629024438,0.167844553,0.075856744,0.103079806,941,62.17,2
0.589108049,0.210943786,0.071032135,0.103809178,922,62.17,2
0.592138103,0.138732781,0.091003854,0.150039928,942,62.17,2
0.690782526,0.134171622,0.065916908,0.088746526,881,62.17,2
0.510856691,0.128922745,0.069100144,0.234911583,861,62.17,2
0.51842357,0.153016608,0.080744504,0.199645784,881,62.17,2
0.579926848,0.166637669,0.070496062,0.154085736,881,62.32,2
0.570392425,0.173640545,0.08075607,0.146767872,922,62.17,2
0.62249474,0.157179701,0.076564486,0.11705308,981,62.17,2
0.463710232,0.147252205,0.099026834,0.238052402,941,62.095,2
0.672313625,0.12679886,0.054910898,0.121609552,1002,62.02,2
0.563747878,0.160096502,0.080062762,0.163029166,1001,62.02,2
0.634145611,0.127755976,0.074714234,0.134942526,1021,61.95,2
0.516498397,0.171531714,0.08460715,0.184752834,922,61.88,2
0.612810582,0.147728492,0.081686722,0.123733429,1002,61.88,2
0.660528019,0.127385345,0.068324248,0.115041185,921,62.02,2
0.573020927,0.168929451,0.08804857,0.139615936,962,61.88,2
0.555247766,0.155317178,0.06386205,0.185108241,901,62.02,2
0.641049258,0.121859553,0.06358261,0.142328803,861,61.88,2
0.590163862,0.184450926,0.070792725,0.123467863,882,61.88,2
0.537668162,0.137382491,0.096781918,0.180473106,1020,62.02,2
0.659460638,0.122272325,0.060129018,0.127483917,1161,62.02,2
0.727711736,0.122372486,0.044198473,0.0884579,1102,61.88,2
0.475335129,0.115708409,0.075578344,0.268629301,1061,62.02,2
0.393288787,0.139058767,0.111580431,0.289688701,1061,62.02,2
0.559511862,0.145787335,0.079684461,0.17421613,882,61.88,2
0.49766509,0.190862245,0.070158086,0.198201133,1001,62.02,2
0.453251754,0.123318515,0.09900448,0.256601593,1042,62.02,2
0.638126249,0.130592775,0.06530599,0.13388221,1040,62.02,2
0.699797598,0.121724488,0.06359934,0.094007116,1040,62.02,2
0.631755487,0.162656039,0.058583826,0.122249415,1120,62.02,2
0.681120921,0.147200105,0.062848886,0.088133753,841,62.02,2
0.562569281,0.142953101,0.067316808,0.186552008,880,62.02,2
0.690763514,0.140435977,0.049744236,0.097327475,861,62.02,2
0.673261424,0.149106973,0.053694095,0.097160753,902,62.02,2
0.489446218,0.152249508,0.094743778,0.220069813,941,62.02,2
0.463516656,0.163674266,0.10339754,0.219882885,961,62.02,2
0.546686063,0.148862091,0.077948371,0.179163127,802,62.095,2
0.604678862,0.109482077,0.068404133,0.173196965,981,62.02,2
0.63427622,0.137883644,0.072226585,0.128701333,861,62.02,2
0.481625692,0.156760217,0.08054583,0.227455402,941,62.02,2
0.419823726,0.142365301,0.102026706,0.279264868,960,62.02,2
0.583658456,0.168667836,0.078310753,0.138055374,961,62.17,2
0.656134398,0.138242709,0.063520245,0.117593881,901,62.17,2
0.632996983,0.122650153,0.07641818,0.140416208,961,61.14,2
0.47658214,0.119807071,0.092807712,0.249031486,942,60.26,2
0.423709325,0.142719709,0.097478965,0.278310372,1042,60.26,2
0.494652073,0.153239863,0.079168476,0.215997647,1061,60.26,2
0.543732536,0.191639904,0.079405434,0.148986608,981,60.26,2
0.562190423,0.152756009,0.076228754,0.17146166,1060,60.19,2
0.653215695,0.106494756,0.075509821,0.135448498,861,60.19,2
0.532576944,0.130949129,0.083534909,0.208328927,921,60.26,2
0.627640393,0.158220658,0.068655383,0.118788451,841,60.26,2
0.654482826,0.146153096,0.066812616,0.110734354,1102,60.26,2
0.542010119,0.129136622,0.078882429,0.207230669,941,60.12,2
0.437334301,0.139718895,0.101278314,0.263453955,1001,60.12,2
0.469685544,0.131482081,0.100689659,0.237592843,902,60.19,2
0.47041048,0.168229675,0.092839462,0.213349768,1121,60.19,2
0.637050811,0.185783677,0.064007769,0.092848449,822,60.19,2
0.512534003,0.192546582,0.068112199,0.186900959,1121,60.26,2
0.647253607,0.144665577,0.062050802,0.117133802,962,60.26,2
0.609415558,0.1277419,0.070794742,0.160775791,1201,60.26,2
0.737010162,0.118360393,0.051986707,0.07698435,841,60.26,2
0.584243262,0.158221961,0.063584283,0.158295244,961,60.26,2
0.607857918,0.153220842,0.071482456,0.139569143,1021,60.26,2
0.671964957,0.11675907,0.066934007,0.12122711,1002,60.26,2
0.710394325,0.145429091,0.043274845,0.082153243,861,60.26,2
0.550017066,0.132218347,0.069732817,0.201212849,962,60.26,2
0.466858078,0.14410319,0.095429574,0.23590509,761,60.41,2
0.417096506,0.155155067,0.096775984,0.28002431,841,60.41,2
0.528947575,0.157550634,0.079772168,0.192715612,1001,60.41,2
0.672687259,0.138297463,0.063223167,0.101244697,1001,60.41,2
0.654493273,0.141669083,0.061678915,0.114998888,961,60.41,2
0.705518156,0.158873728,0.051545484,0.069427022,981,60.41,2
0.705270455,0.154586427,0.056555738,0.069003161,942,60.41,2
0.559456165,0.120068533,0.078604305,0.199100527,981,60.41,2
0.688591159,0.126693908,0.049097308,0.10959823,781,60.41,2
0.521616062,0.134799017,0.098930218,0.199018621,1081,60.41,2
0.505383754,0.181489103,0.07826086,0.192005506,882,60.41,2
0.415329923,0.130374205,0.098934685,0.291912026,1062,60.41,2
0.64992694,0.148094771,0.061726554,0.115499518,941,60.41,2
0.623895554,0.111140939,0.072458134,0.157411484,722,60.335,2
0.676447871,0.147385174,0.055439527,0.097850313,862,60.26,2
0.705812245,0.140242506,0.061144196,0.075562426,1001,60.41,2
0.350595312,0.159641633,0.119809618,0.292070421,722,60.26,2
0.576085429,0.146842357,0.065252663,0.175481877,861,60.26,2
0.620881725,0.149539323,0.066928016,0.134044378,881,60.26,2
0.500143149,0.180098813,0.096637028,0.188893626,821,60.26,2
0.461013377,0.162745195,0.115678464,0.218823753,881,60.26,2
0.550066614,0.136043373,0.074199826,0.196897385,882,60.26,2
0.641009128,0.140567344,0.067888631,0.122307,1002,60.26,2
0.568637659,0.127411065,0.070234855,0.191584789,882,60.26,2
0.421892924,0.139609378,0.096315335,0.276032635,821,60.26,2
0.530257165,0.153015032,0.097126822,0.181957915,982,60.26,2
0.535162782,0.101895976,0.081837088,0.230038151,901,60.26,2
0.444127442,0.159498715,0.101689703,0.241440602,841,60.26,2
0.457091458,0.156629967,0.093424901,0.243792422,901,60.26,2
0.586361884,0.128465797,0.077500992,0.16989577,801,60.26,2
0.563376062,0.145799818,0.077300757,0.175576956,742,60.335,2
0.509712302,0.169678955,0.064884402,0.215412127,760,60.335,2
0.610699474,0.155867369,0.063080837,0.136562026,882,61.44,2
0.586767181,0.119399158,0.0690001,0.184786218,1041,61.29,2
0.479447123,0.118722624,0.088365695,0.255440797,921,61.44,2
0.609306358,0.15129162,0.072780557,0.134049798,862,61.44,2
0.593331971,0.100527063,0.067843812,0.196447512,981,61.44,2
0.656012222,0.113954854,0.056287274,0.141802062,901,61.44,2
0.543106434,0.166565734,0.072070268,0.178813369,840,61.44,2
0.668869959,0.139999464,0.059906035,0.105071334,801,61.44,2
0.495709878,0.126376466,0.085014839,0.23094591,981,61.44,2
0.408769451,0.119607375,0.092196813,0.308067513,882,61.44,2
0.461114267,0.145041125,0.085820405,0.253795794,941,61.44,2
0.575233613,0.156540506,0.080446779,0.155905284,1021,61.58,2
0.610972988,0.146066064,0.068589552,0.14472796,961,61.58,2
0.62592706,0.177485818,0.064807468,0.107515584,842,61.73,2
0.542540871,0.137433871,0.06582681,0.206544309,922,61.73,2
0.6199871,0.104243314,0.067458988,0.166861693,941,61.88,2
0.626743607,0.123757423,0.069499627,0.145940047,941,61.88,2
0.566833086,0.14881817,0.071769286,0.174565546,1002,61.88,2
0.399847248,0.145225821,0.092804414,0.288446308,982,61.88,2
0.555488201,0.136001801,0.0845151,0.180990574,942,62.02,2
0.633769148,0.118477375,0.065806062,0.15365781,941,62.02,2
0.663767852,0.144000518,0.061773172,0.10721759,921,62.02,2
0.703518279,0.147063643,0.062275667,0.071416531,942,62.02,2
0.577833262,0.123025966,0.085904455,0.178444713,920,62.17,2
0.621229734,0.137438219,0.079152048,0.132329391,781,62.17,2
0.712409814,0.113781605,0.059989185,0.093759248,921,62.02,2
0.703323953,0.10019265,0.0746864,0.102191973,941,62.17,2
0.64001757,0.131328448,0.078987311,0.122664583,762,62.32,2
0.685337421,0.118819031,0.068639772,0.104770878,722,62.32,2
0.501768779,0.153637675,0.092134262,0.207419094,762,62.32,2
0.586926668,0.191629314,0.068464466,0.125141731,842,62.17,2
0.422698119,0.134978536,0.08762354,0.2876225,981,62.17,2
0.415585544,0.139657934,0.099069491,0.284393617,960,62.17,2
0.529114936,0.153782678,0.069947932,0.205588224,961,62.17,2
0.616370844,0.154054053,0.060682638,0.139543033,901,62.02,2
0.682148634,0.129012535,0.054098379,0.109588873,882,62.17,2
0.707675745,0.13678699,0.049979023,0.084881856,1022,62.17,2
0.657336761,0.143831913,0.063946952,0.113394501,981,62.17,2
0.523746051,0.108310717,0.085479243,0.220095027,962,62.17,2
0.435527944,0.105850523,0.091803407,0.300438276,921,62.17,2
0.572315923,0.119563682,0.082227719,0.184692116,1042,62.02,2
0.606260503,0.153190252,0.068721251,0.14207199,962,61.88,2
0.609682368,0.149673182,0.074151413,0.138796406,882,61.73,2
0.651933877,0.137768932,0.06275296,0.122639319,962,61.73,2
0.629041411,0.163796078,0.070814966,0.110646321,1061,61.73,2
0.501574961,0.13911555,0.092939256,0.21904574,1061,61.73,2
0.560422981,0.13604327,0.076509579,0.186763276,922,61.73,2
0.71783971,0.12413367,0.052389007,0.085365735,941,61.73,2
0.645755123,0.1446306,0.0735697,0.108637269,962,61.73,2
0.638342807,0.181817781,0.06721261,0.092435292,882,61.73,2
0.542326665,0.130458466,0.082757945,0.196572941,1061,61.73,2
0.496603484,0.114289136,0.096337383,0.232319086,1102,61.88,2
0.591873348,0.137534612,0.081697134,0.152886701,1042,62.02,2
0.587307269,0.101459449,0.076138993,0.192160947,821,62.17,2
0.689179775,0.12541536,0.055007954,0.107010118,901,62.17,2
0.727390809,0.135157375,0.05266604,0.069765785,981,62.02,2
0.711415304,0.126362455,0.060441734,0.081652082,941,62.17,2
0.5546441,0.120323938,0.07850006,0.198210557,941,62.17,2
0.507628113,0.160027625,0.073251876,0.214461393,982,62.17,2
0.486509844,0.134289454,0.078292443,0.251386844,822,62.32,2
0.336062623,0.165285991,0.115331128,0.311817149,981,62.17,2
0.593584227,0.189826858,0.06178814,0.124788977,761,62.32,2
0.647846013,0.149716321,0.0670925,0.10911005,802,62.32,2
0.394356832,0.140540382,0.105185066,0.291494537,821,62.32,2
0.578924375,0.119587495,0.077366528,0.180292556,882,62.17,2
0.634054461,0.137984861,0.066948843,0.126943649,941,62.02,2
0.694214177,0.145853352,0.063082992,0.07646107,822,62.02,2
0.451965596,0.12954222,0.089507243,0.265263872,921,62.02,2
0.669281855,0.125088378,0.061517896,0.117684193,801,62.02,2
0.59199435,0.166318939,0.080613585,0.134321232,822,62.02,2
0.366604981,0.146299051,0.115708332,0.307179338,922,62.02,2
0.637736034,0.138628151,0.074545712,0.12273605,941,62.02,2
0.432954155,0.14137093,0.092879741,0.268327606,861,62.02,2
0.685006439,0.135173411,0.054944173,0.101749984,902,62.02,2
0.638669898,0.163577234,0.065939167,0.112090652,881,61.88,2
0.676118853,0.149964096,0.067184948,0.088861334,961,61.88,2
0.578272152,0.160781386,0.091429173,0.138030428,941,61.88,2
0.648464841,0.16299116,0.072381333,0.093643994,941,61.88,2
0.686317379,0.143583381,0.065429532,0.085564709,861,61.88,2
0.555807132,0.131846535,0.075628723,0.190745408,960,61.88,2
0.452617331,0.154536723,0.097000164,0.233127982,862,61.88,2
0.724824608,0.129961268,0.049806136,0.074315692,861,61.88,2
0.492300441,0.102443469,0.084319672,0.265550266,782,61.88,2
0.552589976,0.131160567,0.080711721,0.190716822,821,61.88,2
0.559686212,0.146958312,0.066271369,0.182378943,822,61.88,2
0.609660606,0.141720667,0.068912727,0.145516421,901,62.02,2
0.553961999,0.155112545,0.080096056,0.166825439,902,61.88,2
0.578839036,0.158061426,0.082554696,0.147825639,841,61.88,2
0.378873277,0.143806511,0.115931029,0.290938529,842,62.02,2
0.558331088,0.135269872,0.085686873,0.180798572,862,62.02,2
0.583047897,0.129190017,0.076399264,0.172763881,881,61.88,2
0.650476463,0.147379535,0.064572614,0.113902521,1121,61.88,2
0.716684065,0.116265725,0.054998798,0.092290237,881,62.02,2
0.682196513,0.127169048,0.065353526,0.101920543,720,62.02,2
0.63472644,0.175835286,0.066028413,0.099074851,901,62.02,2
0.434631746,0.141553314,0.094463093,0.269835974,921,61.88,2
0.595028808,0.144445507,0.07585759,0.157495305,901,61.88,2
0.594317921,0.159887966,0.085706045,0.131786242,871.5,61.88,2
0.568630472,0.151259653,0.076363493,0.166884931,861,61.88,2
0.60923712,0.124141514,0.078470184,0.154222326,841,62.02,2
0.517729193,0.174164402,0.098492498,0.174834626,872,62.02,2
0.543249958,0.200384514,0.081893802,0.143221869,941,62.02,2
0.369714189,0.148220338,0.095039839,0.31788006,1011,62.02,2
0.462127635,0.148076069,0.090568457,0.241736514,1051,62.02,2
0.486610602,0.146998002,0.099422564,0.223709613,981.5,61.88,2
0.701031879,0.138174838,0.053305668,0.087402855,951.5,61.88,2
0.669308773,0.136828902,0.067376699,0.101618447,1031,61.73,2
0.657079767,0.128861326,0.071409491,0.119700436,961,61.88,2
0.603854447,0.133357294,0.073054557,0.158545871,1071,61.88,2
0.406806046,0.133039721,0.110836366,0.278098631,1031,62.61,2
