Delta Power,Theta Power,Alpha Power,Beta Power,Gamma Power,ECG,EMG,Class
20631.177,2226.929,1454.717,2960.149,493.021,642.667,36.776,0
16693.427,2712.452,1263.77,2607.514,490.038,624.417,36.936,0
10367.811,2791.698,1207.6,1970.001,376.052,621.083,36.257,0
18460.76,2203.486,1249.411,2039.441,427.439,619.417,36.19,0
8041.901,1823.426,899.85,1279.115,279.27,629.5,36.749,0
14087.732,2573.036,927.917,1803.045,374.556,637.75,36.882,0
18746.819,2498.057,1622.925,3947.171,782.109,657.833,36.936,0
15343.164,1905.115,967.797,1624.299,302.578,646.167,36.95,0
10074.535,2079.027,828.732,1558.949,322.472,639.5,36.95,0
16870.725,1741.156,822.272,1558.766,294.251,644.5,36.95,0
15766.081,2073.765,1055.726,2599.99,638.196,659.583,36.564,0
19419.373,2049.27,929.415,1817.925,349.019,642.833,36.015,0
20994.307,2601.485,1189.4,2043.059,415.34,627.75,35.869,0
11349.271,1700.458,984.182,1609.384,348.528,666.25,35.766,0
11750.651,2214.13,861.45,1665.312,365.808,674.583,35.671,0
10876.688,2214.146,885.533,1786.995,427.657,652.75,35.616,0
10265.487,1866.028,1057.219,1635.267,373.122,632.833,36.564,0
12949.667,2075.393,876.199,1586.674,363.148,651.25,38.031,0
29652.635,2035.239,1316.341,2087.232,467.373,654.5,37.98,0
14554.355,2535.586,734.796,1204.352,289.456,644.5,37.98,0
28492.699,2426.426,1501.312,2289.562,485.608,646.167,38.095,0
21004.365,2092.527,1099.863,1633.053,331.247,646.083,38.095,0
23598.271,2364.394,1241.372,2367.056,468.624,644.583,38.12,0
11116.051,1993.208,1200.493,2460.79,502.367,637.833,38.12,0
12353.559,2422.735,1174.896,2541.305,511.992,639.417,38.107,0
19852.689,2837.123,887.934,2242.209,553.951,629.5,38.188,0
18392.053,2413.76,1357.771,3047.891,659.784,676.167,38.27,0
18925.688,2268.374,774.01,1784.258,420.541,672.833,38.284,0
18966.227,2291.443,1277.877,2474.168,442.116,662.75,38.297,0
18610.376,2101.136,1116.305,2273.036,459.419,652.833,38.352,0
23104.499,2655.948,1309.168,2435.006,580.442,651.083,38.311,0
7853.484,1780.317,815.291,1687.44,365.397,652.75,38.284,0
11964.843,1955.158,1009.988,1987.666,449.662,664.417,38.311,0
8068.787,2180.326,1166.599,2374.609,518.733,686.083,38.284,0
21936.676,2549.483,951.017,2102.777,458.927,659.417,38.27,0
11081.705,2583.349,1349.608,2681.428,546.258,654.333,38.284,0
9699.754,2160.401,1453.299,3671.368,888.822,656.083,38.297,0
12281.487,2022.89,1237.015,3063.728,523.685,677.75,38.311,0
10759.075,2476.929,1294.356,2821.403,482.893,657.667,38.27,0
12178.491,1904.747,1451.549,2525.364,474.456,617.75,38.27,0
7652.219,2283.491,938.544,1654.035,328.71,626.083,38.27,0
23573.298,2822.154,1360.768,3099.542,724.154,631.25,38.27,0
31619.202,2504.983,1077.802,2378.161,521.975,649.417,38.27,0
19776.099,2605.625,1333.807,2717.018,646.796,637.833,38.27,0
19334.84,2214.16,1147.921,2443.678,470.133,636.167,38.27,0
9775.891,2140.693,1067.462,2239.817,532.586,592.833,38.243,0
26711.63,2236.297,1038.62,2302.54,557.012,666.167,38.27,0
9832.142,2403.697,1105.221,2161.87,492.655,681.167,38.27,0
21741.882,1866.824,1220.422,2393.501,665.542,699.5,38.202,0
12445.404,2062.515,1043.611,2166.126,571.317,659.5,38.134,0
6886.448,1981.394,1097.731,2302.738,436.922,657.833,38.134,0
6581.357,1748.837,960.344,1776.356,428.115,667.833,38.12,0
11740.692,2016.386,953.211,1941.535,398.295,674.417,38.229,0
16934.609,2187.388,1081.527,2223.354,450.035,667.833,38.256,0
11730.69,1768.864,960.621,1596.617,376.168,656.25,38.229,0
18321.547,2305.154,1253.818,2164.528,565.977,686.167,38.27,0
28860.431,2178.122,1189.725,2445.575,639.06,622.75,36.577,0
11776.348,2223.764,985.774,2280.541,422.906,619.5,36.015,0
11136.449,2054.543,962.897,1830.581,370.661,661.167,36.002,0
13449.707,1759.692,1025.63,2162.951,423.693,669.417,36.002,0
11330.81,2096.82,958.58,1803.648,360.408,659.583,35.988,0
10754.608,1850.773,1072.415,2221.35,408.733,667.833,35.975,0
22018.35,2049.037,1468.337,3813.316,775.704,657.833,36.015,0
10374.118,2031.927,1395.192,2557.578,541.859,654.5,36.029,0
12091.001,2161.841,1051.692,2093.506,498.999,631.083,35.961,0
8555.261,1820.921,692.719,1513.714,356.5,631.167,35.975,0
17147.931,2727.197,1128.31,2656.082,702.202,637.833,35.961,0
10681.893,1721.182,1015.957,2077.65,467.67,661.167,36.043,0
7783.027,2434.846,1187.621,2561.639,518.885,674.417,36.002,0
7042.674,1817.606,948.05,2159.525,523.12,666.083,35.961,0
6374.494,1849.889,888.915,1778.193,395.982,656.25,36.002,0
21549.116,2352.406,1089.548,2284.248,518.613,652.833,35.961,0
10399.355,1753.663,1012.38,1932.272,410.059,681.25,35.975,0
10890.58,1948.355,980.07,1966.148,450.738,682.833,36.07,0
29524.183,2739.669,1106.859,2092.818,399.843,681.167,36.084,0
9956.997,2295.729,890.984,1672.344,357.493,668,36.084,0
12556.384,2323.594,1251.731,2103.219,414.149,674.5,37.497,0
7635.803,1880.421,960.197,1717.958,398.485,701.167,39.456,0
15791.395,2331.212,934.275,1514.6,345.873,682.833,38.976,0
18991.31,2642.376,1546.172,3325.53,710.016,664.583,38.551,0
8881.771,2400.335,941.267,1969.928,412.352,644.583,38.189,0
24067.846,2119.966,920.595,2167.553,509.715,674.5,37.948,0
19073.443,2541.387,1044.906,2315.171,507.392,667.833,37.71,0
14256.226,1731.868,856.605,1975.151,473.362,661.25,37.565,0
15996.924,2253.284,1098.082,2232.02,508.576,677.917,37.229,0
10517.549,1533.683,1319.624,2298.677,523.315,687.75,37.189,0
20477.307,2216.514,962.363,2436.776,482.97,691.167,36.964,0
11587.763,1678.934,755.769,2157.205,481.033,704.5,36.803,0
11499.646,2437.116,950.768,2727.225,675.143,692.833,36.725,0
8173.38,2224.631,1148.879,2753.022,635.077,682.75,36.736,0
6208.857,1894.54,1108.666,2404.841,565.563,641.25,37.564,0
16980.303,1797.168,1131.066,2998.505,671.856,656.083,38.978,0
22537.396,2488.69,1290.935,2412.741,514.793,656.25,38.83,0
11061.31,1900.775,1016.172,2909.932,649.436,694.417,38.791,0
19163.841,1929.481,981.15,1663.217,321.351,699.583,38.564,0
11138.662,2320.131,926.904,1712.596,370.341,659.5,38.551,0
10608.875,1717.304,920.123,1400.519,307.321,652.75,38.417,0
10735.973,2580.138,1290.198,3139.939,662.56,691.25,38.325,0
11933.137,1928.493,917.908,1463.141,352.749,699.583,38.27,0
6683.959,1617.266,740.42,1500.886,281.756,642.75,38.695,0
12859.576,2270.96,1120.931,1757.347,410.637,664.417,39.764,0
16701.491,1777.297,758.783,1500.664,286.762,657.833,39.616,0
13778.461,2068.862,885.561,1761.566,326.307,659.583,39.485,0
19428.533,2302.273,1176.369,3276.103,750.633,649.417,39.284,0
13561.105,2365.972,1077.984,2638.445,609.44,634.5,39.15,0
24212.957,2271.872,1115.209,2717.677,586.143,627.75,39.071,0
18853.946,2196.659,1177.522,2063.536,557.621,639.5,38.845,0
6967.339,1789.956,1338.678,2756.3,600.59,639.5,38.803,0
8383.529,1646.068,962.051,2231.946,447.473,654.5,38.777,0
8762.919,2509.387,1141.474,2298.362,522.822,662.917,38.697,0
6419.206,1698.215,865.425,1714.783,432.772,649.417,38.511,0
14956.735,2515.41,1276.725,3109.558,700.232,657.833,38.549,0
13641.474,2042.132,1092.285,2233.806,481.282,667.833,38.403,0
7529.06,1951.517,1029.652,1934.14,396.764,694.417,38.928,0
24721.482,2645.401,1312.923,2298.92,574.197,662.917,39.709,0
7182.745,2050.358,861.675,1995.639,399.328,686.167,39.517,0
26604.837,1992.042,1060.87,2188.873,501.822,659.5,39.312,0
18637.605,2326.756,1077.544,2355.971,544.643,631.167,39.121,0
17294.683,2129.488,1081.56,2168.821,449.393,622.833,38.931,0
9950.059,2797.984,1205.904,1969.31,396.454,656.167,38.828,0
8126.061,1948.918,1241.841,2289.398,439.539,657.833,38.712,0
7046.907,1968.01,1082.268,2204.817,436.57,679.583,38.621,0
7264.55,1909.117,961.173,2283.757,383.573,701.083,38.505,0
5829.27,2317.125,1096.695,2173.422,456.981,674.5,38.446,0
10501.824,2791.742,950.905,1744.268,356.273,686.167,38.255,0
13732.637,2264.226,1242.113,3689.798,925.959,666.167,38.241,0
14829.823,2241.991,1080.916,3157.315,686.025,712.75,38.226,0
6869.536,2031.853,1174.291,3163.459,691.596,657.667,38.066,0
11021.934,2398.167,1350.191,2882.097,633.307,704.5,37.964,0
10186.253,2061.526,1085.741,2856.814,603.246,707.75,37.993,0
17060.476,2448.219,1296.452,2879.664,738.106,709.417,37.977,0
8130.896,1927.115,1074.756,2296.875,530.186,672.75,37.786,0
11009.071,2434.547,1331.484,3031.841,537.759,649.333,39.31,0
14585.115,2487.913,1078.543,2857.997,577.833,644.167,40.85,0
13147.121,2113.388,1333.286,3025.375,607.777,697.833,40.865,0
22775.954,2750.068,1573.833,2761.196,718.028,694.5,40.91,0
6559.351,1884.264,1066.908,2434.134,627.943,682.75,40.865,0
19175.776,2238.339,1478.228,3348.854,812.339,666.167,40.85,0
13987.808,2475.378,1266.855,3397.891,794.917,671.167,40.806,0
17087.205,2232.387,1162.061,2323.031,440.39,667.833,40.82,0
18986.711,2155.59,1099.24,2010.572,397.023,659.417,40.776,0
27320.862,2284.561,1243.7,3238.267,780.573,632.833,40.85,0
11774.273,2177.921,1004.798,2947.3,611.814,644.5,40.763,0
8526.735,2301.312,1396.671,3123.356,809.758,661.25,40.734,0
14038.551,1747.457,1206.186,3193.763,689.906,666.167,40.792,0
14700.446,2910.757,1463.773,3075.123,761.92,621.167,40.85,0
19323.338,2909.69,1553.96,2996.872,670.238,702.833,40.761,0
8136.706,2168.801,1230.939,2671.677,572.89,694.5,40.777,0
9176.953,2318.262,1249.767,2605.187,581.906,689.417,40.747,0
24977.945,2330.823,1586.393,3448.135,719.339,684.5,40.706,0
7691.116,2540.551,1423.537,3055.853,665.602,679.583,40.69,0
17676.141,2635.036,1244.008,2837.676,678.826,684.5,40.748,0
13580.274,2175.616,1299.611,3692.062,884.52,688.083,40.619,0
11822.953,1838.774,1203.967,2425.989,473.78,691.167,40.605,0
15909.681,2712.071,1089.467,2071.575,569.692,662.917,40.662,0
10463.894,2177.016,1074.184,2193.069,491.862,724.583,40.648,0
17344.436,2474.506,1202.27,2614.159,637.87,711.083,40.59,0
15532.105,2540.199,968.091,2351.844,470.37,714.583,40.634,0
7908.468,2428.999,1049.785,2331.244,502.264,689.583,40.619,0
6547.364,1803.994,819.988,1655.27,368.435,679.417,40.515,0
9812.94,2045.862,1421.794,3845.985,735.951,696.083,40.544,0
24586.968,2339.7,1217.636,3137.744,744.349,664.25,40.529,0
23463.383,2196.709,1427.471,2541.715,543.625,689.333,40.589,0
29067.528,2300.354,1247.633,2703.183,538.01,679.417,40.559,0
17849.968,2272.89,1224.529,2428.871,505.657,626.083,40.53,0
28797.869,2292.128,1307.327,2863.087,609.225,644.417,40.515,0
10849.71,2092.933,906.189,2518.426,588.054,674.417,40.47,0
6660.432,2334.219,1520.612,3513.098,743.655,696.167,40.395,0
21499.053,2286.89,1264.694,2372.026,665.526,684.5,40.41,0
9191.703,2175.872,1206.73,3050.937,712.912,706.167,40.336,0
15870.742,1862.539,991.889,1673.304,407.401,696.167,40.336,0
12770.001,1900.19,1096.024,2796.846,593.107,701.167,40.38,0
28072.061,2221.254,1272.06,2935.927,721.549,713,40.396,0
30548.487,2497.905,1017.038,2550.501,777.918,717.833,40.366,0
27879.552,2312.274,1027.205,2778.89,753.586,696.083,40.381,0
22302.106,2327.941,1014.447,2623.683,598.216,667.917,40.308,0
8343.469,1719.863,981.542,2188.305,468.345,681.167,40.294,0
20669.558,2457.47,1157.35,3059.001,670.628,686.083,40.264,0
12553.376,2605.898,1338.152,2857.061,625.947,691.25,40.236,0
25042.861,2237.771,1302.837,2610.168,716.42,691.083,40.324,0
6285.918,1738.733,621.644,1559.986,357.861,682.833,40.293,0
6217.344,1979.414,678.209,973.357,236.22,696.083,40.322,0
7721.829,2314.397,1191.179,3269.351,660.643,666.25,40.294,0
8625.914,1857.614,1142.132,2148.865,561.543,701.167,40.351,0
8952.49,1728.744,872.743,2021.005,487.121,697.75,40.351,0
13730.24,2118.186,722.369,2043.312,400.139,714.5,40.352,0
29337.891,2262.681,1214.508,2455.52,599.946,694.5,40.308,0
17690.392,2055.813,943.376,2345.316,495.747,677.833,40.307,0
19359.328,1929.573,1035.167,2461.613,523.017,647.833,40.308,0
23301.619,2217.899,972.397,2170.151,586.561,687.917,40.279,0
19649.275,2148.123,1240.426,2670.985,674.345,701.083,40.25,0
6856.239,2400.28,1039.686,2172.714,439.255,674.333,40.193,0
22779.856,2188.129,1074.023,2065.796,482.213,691,40.222,0
14983.024,2497.553,1469.363,3903.956,905.208,702.833,40.25,0
20294.677,2135.856,1108.571,3123.597,805.295,671.083,40.293,0
26938.057,2512.05,1381.283,3412.087,816.208,677.833,40.351,0
13543.444,2626.082,1044.495,3172.615,723.59,686.167,40.306,0
6278.018,1886.856,852.409,1862.903,426.235,706.25,40.294,0
12809.517,1705.975,725.668,1698.242,377.038,704.333,40.292,0
15510.907,1862.081,941.391,2081.972,423.054,706.25,40.38,0
17284.906,1924.52,787.974,1427.606,331.189,677.833,40.321,0
19311.508,2280.571,876.747,1885.613,398.437,691.083,40.307,0
21203.488,2193.279,835.902,1831.656,399.869,711.167,40.323,0
18152.133,1964.368,1133.393,2070.442,383.772,701.25,40.279,0
19361.165,2031.708,768.352,1928.723,392.711,706.25,40.336,0
8183.832,1754.888,743.397,1693.084,362.143,707.667,40.336,0
21809.47,2374.534,916.299,2023.217,439.892,729.5,40.351,0
13196.322,2071.608,983.982,1797.183,368.589,711.167,40.425,0
10868.163,2044.473,678.707,1438.596,319.148,734.5,40.321,0
14520.774,1716.397,788.105,1382.598,310.216,716.167,40.352,0
21059.976,2210.117,795.961,2020.377,471.612,737.917,40.322,0
14283.228,2163.076,1047.11,2110.865,425.367,719.333,40.395,0
6439.519,1726.393,929.751,1857.565,326.773,738.083,40.336,0
24419.805,2321.184,910.599,1759.456,371.089,731.167,40.307,0
28314.34,2255.333,1343.416,2272.153,459.259,691.167,40.366,0
22458.911,2545.554,851.898,2006.335,467.868,617.75,40.321,0
25053.179,2436.723,1011.313,2059.388,437.971,671.083,40.337,0
13823.005,2320.459,984.49,2089.144,418.845,671.083,40.38,0
11993.984,2007.994,1176.313,2372.533,558.873,722.75,40.279,0
20442.875,2049.951,977.836,1683.032,383.499,706,40.308,0
13222.833,1902.104,756.095,1230.419,251.933,706.25,40.265,0
10834.634,2012.851,693.362,1063.101,254.068,704.417,40.322,0
31469.69,2429.757,949.778,1735.326,430.745,686,40.335,0
6323.398,1596.932,692.372,1192.815,289.816,712.917,40.351,0
21694.84,2669.922,1452.187,3343.199,675.279,767.1,42.67,1
9800.113,2860.396,1262.707,2985.557,583.06,775.3,42.7,1
25433.965,2543.657,1269.707,3022.868,640.102,797.2,42.7,1
22375.682,2488.687,1441.537,3204.525,719.57,787.3,42.58,1
24954.237,2776.764,1232.171,3357.672,648.118,761.1,42.7,1
12355.767,2367.977,1116.812,2939.251,571.851,831.2,42.7,1
24407.461,2361.114,1531.85,2876.484,602.814,803.2,42.64,1
9003.466,2800.146,1317.567,3262.885,608.809,811.2,42.55,1
17172.676,2355.642,1278.24,3025.748,589.581,847.3,42.67,1
18791.061,2495.433,1307.537,3046.675,741.209,815.2,42.67,1
22617.857,2723.439,1217.605,3528.891,672.456,835.3,42.64,1
18392.887,2481.027,1307.142,3358.858,680.036,791.1,42.67,1
21508.984,2767.906,1287.047,3183.445,625.358,819.2,42.61,1
14711.662,2618.546,955.155,2920.065,558.261,803.2,42.67,1
18290.906,2767.253,1491.965,3194.356,770.087,771.2,42.64,1
23564.43,2702.61,1500.506,3445.136,762.267,817.2,42.464,1
16563.702,2470.678,1334.852,3469.412,708.144,761.1,42.26,1
16267.286,2636.68,1397.108,2985.569,567.283,783.3,42.23,1
25242.965,2265.787,1278.792,2287.473,579.876,783.2,42.08,1
7362.65,2333.288,1554.077,2030.195,392.399,789.2,42.08,1
13915.496,2606.997,1355.497,2397.662,507.64,747.2,42.082,1
11066.319,2500.995,1283.4,2344.756,467.149,751.2,42.318,1
16592.831,2657.289,1469.458,2395.068,518.897,783.1,42.434,1
13994.91,2068.921,1131.238,2480.866,558.749,763.2,42.464,1
13159.741,2479.307,1308.903,2173.09,418.698,795.2,42.492,1
17140.868,2469.609,1126.563,2206.149,454.491,779.2,42.522,1
20303.987,2691.914,1481.794,2564.926,542.148,855.2,42.464,1
14896.92,2104.431,1189.405,2379.643,440.703,765.3,42.464,1
13043.435,2530.329,1176.213,2972.552,626.441,829.1,42.408,1
22422.773,2486.307,1405.356,2429.345,509.85,837.3,42.32,1
22636.922,2518.221,1609.745,2919.414,621.816,829.1,42.408,1
23595.097,2415.675,1285.405,2408.629,547.375,785.3,42.408,1
21678.813,2246.379,1129.982,2514.408,499.059,791.1,42.408,1
16145.59,2094.789,1239.072,2302.401,506.171,777.3,42.408,1
14175.456,2663.239,1261.09,2471.34,555.953,821.1,42.466,1
19056.818,2612.99,1328.388,2694.542,534.535,789.2,42.142,1
13382.551,2435.477,1224.923,2374.208,528.795,791.3,42.026,1
12762.472,2415.741,1565.942,2393.209,493.763,783.3,41.94,1
12182.296,2913.995,1564.009,2738.12,567.915,747.1,41.908,1
15297.592,2741.268,1097.676,2119.644,473.02,795.3,41.91,1
21963.108,2465.623,1566.512,2675.7,594.093,739.2,41.936,1
11054.478,2537.372,1412.886,2069.458,458.032,759.2,41.79,1
13491.394,2546.531,1533.478,2740.636,533.026,761.1,41.825,1
17527.84,2580.415,1311.363,2570.816,508.783,707.2,41.79,1
13881.428,1860.232,1249.627,2145.367,470.973,723.3,41.678,1
11426.669,2501.808,1358.782,2242.408,453.655,789.2,41.755,1
17384.853,2245.725,1111.186,2177.974,390.377,781.2,41.718,1
17044.145,1889.179,999.656,1879.826,416.483,783.1,41.678,1
11255.341,2238.29,1243.092,3054.237,571.767,785.2,41.718,1
18117.662,1609.548,670.225,1807.235,391.864,771.2,41.752,1
21357.005,1870.462,903.215,1840.242,388.809,723.3,41.752,1
12855.573,2033.137,1309.86,1941.695,381.368,817.1,41.752,1
14218.731,1940.707,926.922,2158.492,486.976,819.3,41.642,1
9822.896,2162.253,882.734,1755.978,405.039,791.2,41.642,1
15500.748,2034.261,899.438,1928.331,377.714,763.1,41.64,1
24879.715,2225.895,1117.948,2421.505,521.557,773.3,41.64,1
15267.802,2876.295,1568.996,3239.806,779.244,797.3,41.605,1
20455.247,2311.282,1013.798,2427.371,497.28,795.1,41.642,1
21659.209,1778.125,1212.797,2732.145,518.099,781.2,41.715,1
14566.375,2386.542,1142.805,2252.873,516.934,799.2,41.64,1
19007.718,2417.554,1225.437,2580.364,590.794,789.2,41.605,1
17350.321,2261.539,1005.684,1895.082,383.247,789.2,41.64,1
13419.355,2076.069,1037.991,2254.528,554.725,785.2,41.678,1
14994.192,2074.72,899.718,2377.856,527.401,779.3,41.678,1
19021.884,2014.223,1095.224,2470.335,436.009,765.1,41.605,1
21188.355,2185.501,1344.609,3068.395,649.57,799.3,41.64,1
18601.212,2123.605,1184.647,2388.997,525.254,791.2,41.677,1
16098.755,2198.094,1148.062,2382.833,485.688,783.3,41.677,1
15259.025,2195.838,1381.297,2762.598,544.229,727.1,41.715,1
24564.687,2419.614,1087.437,2000.279,422.118,741.2,41.57,1
21724.792,1918.969,1222.366,1894.471,384.494,821.1,41.605,1
22484.422,2465.506,1253.396,3161.232,715.139,809.3,41.535,1
11021.11,1956.584,1000.324,1942.885,409.729,815.2,41.57,1
18000.68,2160.122,1133.916,1867.431,515.91,755.2,41.57,1
22534.878,2760.598,1529.181,2496.954,497.271,773.2,41.535,1
20163.737,2496.83,1555.005,3448.688,700.052,827.2,41.57,1
12747.426,2056.222,919.641,2009.607,363.674,783.2,41.68,1
15217.532,2146.329,1217.868,2404.631,507.153,805.1,41.57,1
11010.591,1722.349,922.633,1963.09,374.312,777.1,41.64,1
12666.127,1994.607,1061.607,1848.371,413.983,807.1,41.608,1
12366.77,2132.217,786.663,1962.602,451.73,789.2,41.605,1
13556.635,1939.903,964.3,2152.129,404.495,815.1,41.715,1
12339.823,2179.073,825.557,2331.267,383.055,833.1,41.678,1
13662.065,2090.191,730.617,1998.683,402.899,813.2,41.64,1
19088.065,2261.116,994.582,2479.277,444.811,789,41.64,1
15619.791,1958.968,1068.489,2106.069,463.77,751.1,41.64,1
19913.801,2172.932,1003.951,2266.492,478.302,783,41.678,1
11333.835,2427.719,954.501,1682.963,400.874,713.1,41.645,1
13861.762,2218.61,762.358,1976.305,422.875,819.2,41.608,1
17037.039,2006.283,895.345,2135.957,403.407,785.3,41.715,1
13337.917,1742.18,769.519,2071.408,421.557,831.1,41.678,1
18851.853,2268.034,1186.341,2793.539,577.282,781.3,41.64,1
16062.215,1871.124,911.458,2674.348,619.113,783.2,41.677,1
14562.87,2331.28,1142.418,2967.227,624.387,737.2,41.608,1
25124.495,1879.317,1237.736,3429.038,712.919,731.2,41.605,1
20876.254,2381.006,1057.001,3064.366,664.729,819.3,41.462,1
11579.788,2051.621,972.915,2180.154,408.723,837.2,41.642,1
11609.913,1953.343,1158.506,3073.06,668.223,811.3,41.425,1
16402.973,1811.019,900.937,1918.813,333.671,811.2,41.68,1
15141.661,1955.516,664.442,1762.177,317.391,783.1,41.57,1
13201.037,1501.509,1045.69,2533.895,517.546,805.2,41.5,1
13415.929,1949.391,894.483,1968.806,438.101,819.3,41.535,1
11054.033,1617.61,975.22,2292.727,412.3,825.1,41.498,1
17413.308,1781.944,890.909,2101.559,430.099,821.3,41.5,1
17538.002,2479.274,1203.768,2632.673,576.135,755.2,41.605,1
19648.338,2126.236,1222.272,2151.188,461.152,775.1,41.57,1
18844.071,1981.906,1263.012,2145.622,390.283,757.3,41.605,1
11983.613,2196.623,926.394,1849.591,402.083,793.2,41.06,1
14047.308,2003.206,895.808,1935.662,339.296,837.2,41.06,1
11751.435,2259.188,829.458,1907,455.242,783.1,41.06,1
14556.405,1860.512,947.622,1928.222,442.663,741.1,41.13,1
13260.006,1847.47,1248.184,2026.605,397.398,689,41.095,1
7414.281,1988.476,1078.856,2696.525,514.053,863.1,41.06,1
11337.723,2887.391,1174.072,2551.188,506.815,831.2,41.06,1
13054.669,2257.295,926.771,2043.563,385.014,821.2,53.593,1
15451.502,2418.621,1373.814,2316.136,469.855,889.1,57.918,1
15613.933,2228.014,1002.686,2536.455,483.875,813.1,57.955,1
14278.052,2638.575,1167.941,2676.481,479.861,807.1,58.028,1
13200.365,1939.65,893.364,1756.083,346.388,807.2,57.92,1
18574.66,2388.697,1389.147,2901.033,517.504,809.2,58.06,1
18674.969,2397.012,1096.193,2216.713,435.43,787.1,57.988,1
13263.272,1718.764,899.779,1552.962,291.237,787.2,57.918,1
9467.119,2008.762,821.295,1525.248,308.548,715,58.025,1
9821.687,1774.111,793.878,1522.738,281.717,791.2,58.028,1
9101.125,2035.584,851.625,1668.492,306.902,793.2,58.098,1
15112.593,2216.289,971.585,1587.603,352.601,735.4,57.99,1
15926.919,2392.496,1451.766,3745.345,647.614,771.3,57.475,1
10699.026,2231.347,976.254,2607.627,471.364,793.2,56.342,1
17015.504,2978.538,1253.596,2639.83,485.08,741.2,52.198,1
14577.976,2459.051,1082.895,2586.065,494.383,729.2,47.618,1
11117.381,2423.781,1113.768,2231.506,373.557,759.3,45.235,1
13081.863,2246.198,1141.859,2544.157,510.819,803.2,43.878,1
8326.221,2512.128,1404.879,2699.973,464.621,759.2,42.892,1
9467.662,2668.149,1098.691,3035.814,601.014,733.2,42.122,1
18959.183,2836.466,1337.353,2963.744,568.976,871.2,41.605,1
17690.911,2338.831,1411.576,2833.126,523.636,819.3,43.035,1
12242.26,2806.482,1249.513,2568.103,470.22,797.2,49.305,1
10274.202,2516.899,1095.085,2681.203,540.408,783.3,53.118,1
10825.262,2576.916,1242.446,2824.975,490.411,795,54.838,1
12627.568,2486.316,1270.018,2544.467,455.916,839.4,55.425,1
8225.018,2171.727,1246.92,2637.134,414.2,833,55.792,1
12331.743,2197.763,1060.128,2620.736,479.88,821.2,55.975,1
8786.016,2378.592,1389.98,2721.431,473.433,873.1,56.158,1
13640.253,2315.484,1350.054,2411.408,463.132,881.3,56.45,1
10571.784,2629.149,1588.617,3144.552,579.093,857.2,56.595,1
11755.3,2410.64,1121.22,2906.17,523.767,855.2,56.708,1
11307.513,1792.471,1053.795,2477.031,463.618,825.2,56.743,1
16911.725,2388.215,1304.725,2688.174,502.399,857.4,56.815,1
12843.589,2441.47,1075.372,2926.168,530.354,881.1,57.038,1
9337.328,2746.652,963.171,2437.492,481.265,867.4,57.002,1
10467.82,2161.419,929.533,2456.323,433.281,845.2,57.002,1
13500.164,2896.115,1106.436,2297.765,441.323,827.2,41.828,1
13929.49,1831.419,630.911,1285.288,238.981,851.2,49.598,1
6923.789,2105.43,704.136,803.197,186.659,879.2,56.6,1
7804.772,1885.496,598.565,941.8,208.959,823.2,57.257,1
11989.495,2259.795,737.211,1252.32,287.376,847.3,55.242,1
13354.922,2164.054,709.701,1406.547,252.863,787.2,52.492,1
9717.168,1728.785,636.509,1249.761,257.182,809.2,50.66,1
19853.638,1958.072,960.891,1684.261,349.992,763.2,49.158,1
15290.297,1819.389,866.766,1426.036,291.173,847.2,47.285,1
6825.707,1933.838,832.661,2436.381,593.36,873.2,45.895,1
9819.589,1753.57,589.028,1133.119,235.875,861.3,45.16,1
6429.18,1783.138,580.703,826.039,232.453,789,44.503,1
8178.151,1636.835,598.792,943.592,255.412,879.2,44.098,1
9670.496,1754.031,736.818,1283.531,272.099,853.2,43.622,1
7650.98,1881.909,754.107,1012.363,210.429,885.2,43.33,1
5962.239,2029.699,692.802,1202.136,250.425,791.2,43,1
6076.782,1656.442,617.687,959.146,227.565,815.1,42.707,1
7266.44,1491.991,676.289,1126.164,246.85,867.3,42.488,1
6755.479,1646.441,546.161,935.179,240.663,855.2,42.117,1
9921.464,1793.571,683.759,1196.722,240.293,821.3,42.045,1
4946.076,2042.802,618.092,952.137,251.845,845.2,41.902,1
12727.444,2354.135,964.283,1725.349,323.4,841.1,41.57,1
10298.285,1767.002,660.739,1104.694,263.041,887.1,41.422,1
13342.211,2193.645,835.786,1474.258,294.674,889.1,41.35,1
10826.065,1910.332,655.931,1009.223,255.701,903.1,41.168,1
10178.772,2124.138,521.944,889.592,205.152,885.2,41.13,1
12055.46,1923.036,676.746,1042.71,221.243,875,42.488,1
20934.767,2274.169,951.634,2165.929,487.067,789.1,45.012,1
9497.141,1693.64,636.533,1016.451,206.523,811,49.56,1
10880.151,2255.36,806.542,1097.637,215.959,681.3,52.678,1
6542.416,1710.304,591.53,978.496,208.207,879.2,54.435,1
12104.973,1922.467,805.69,1368.432,292.877,849.3,56.595,1
12341.788,2051.956,1212.714,1506.415,321.715,817.2,57.515,1
18600.815,1971.552,748.043,1227.204,295.638,811.3,58.358,1
12016.546,2157.252,810.527,1203.625,282.836,789.2,58.65,1
14224.99,2126.985,892.474,1493.152,364.236,819.2,58.137,1
10848.329,1944.229,742.65,1275.751,244.515,839.3,56.998,1
10283.615,1992.821,754.419,1153.343,237.606,803.2,56.122,1
11608.682,1586.02,656.854,1249.07,274.763,813.2,54.292,1
11729.977,1583.382,781.105,1476.491,355.645,802.9,51.317,1
14661.317,1749.83,887.899,1527.669,262.922,877,48.828,1
16628.961,1780.035,940.951,1688.448,404.156,853.3,47.065,1
12110.967,1959.123,835.46,1515.005,289.034,821.3,45.49,1
14044.659,1749.287,1164.982,2775.194,592.647,827.2,44.318,1
14150.98,1797.03,814.148,1622.079,387.231,899.2,43.66,1
13498.384,1962.834,864.85,2148.454,386.713,853.1,43.182,1
21721.303,2343.322,1343.797,2807.996,509.967,903.3,42.778,1
13775.419,1972.399,718.746,1337.388,238.198,871.2,42.305,1
9481.595,1709.303,1005.992,1888.117,400.024,847.2,42.01,1
17380.393,2252.012,1355.914,2120.874,409.775,851.3,41.718,1
10420.688,1823.297,808.713,1530.559,306.489,905.4,41.458,1
10378.276,2028.534,914.6,1428.669,290.134,877.3,41.24,1
21112.6,1933.21,1036.942,2242.859,455.773,875.3,41.095,1
18833.965,2310.319,925.887,1777.813,352.871,827.3,45.93,1
16561.858,2275.829,1090.205,2062.34,428.273,891.3,51.65,1
14860.419,2154.104,791.841,1614.365,397.659,895.3,53.555,1
12842.378,1842.678,745.937,1598.877,318.191,899.1,56.415,1
13088.986,2008.847,1434.334,2204.43,417.642,861.3,57.735,1
9513.335,2122.327,874.884,1455.31,318.671,867.3,58.282,1
11083.166,1965.07,856.815,1711.544,345.691,885.2,58.285,1
9299.804,1631.827,675.607,1593.381,322.62,899.1,58.612,1
13191.619,2091.489,1151.387,2146.334,505.035,847.778,58.72,1
11137.758,1981.643,1072.246,2029.994,433.026,768,58.87,1
10648.203,1854.782,716.674,1341.969,272.597,903.556,58.905,1
8731.191,2160.656,1266.939,3472.126,742.325,863.444,58.87,1
15910.957,1994.731,788.527,1760.716,330.51,765.667,58.94,1
10952.869,1679.465,888.232,1517.336,334.152,841.222,58.94,1
9297.647,1683.725,979.064,1948.877,403.102,825.667,58.94,1
12093.094,1852.23,806.051,1669.526,369.867,790.111,58.94,1
7191.587,2272.214,882.79,1556.813,392.882,801,62.215,2
5835.637,1587.915,665.748,1307.014,257.542,1020,62.155,2
6019.844,2774.115,843.34,1532.31,333.941,922,62.11,2
5539.57,1509.265,616.657,1318.664,250.473,941,62.2,2
6421.807,1840.989,777.407,1664.206,339.173,941,62.17,2
6332.354,1771.252,743.926,1393.379,329.588,920,62.245,2
6730.525,1939.282,1049.469,2315.782,547.819,982,62.185,2
7736.935,1961.814,1444.576,2614.693,636.774,922,62.215,2
6554.817,1773.218,733.571,1211.003,294.955,882,62.215,2
6788.451,1572.495,853.574,1382.343,289.101,1001,62.215,2
10043.317,2288.412,1249.191,2899.692,584.918,980,62.2,2
8383.176,2236.909,1010.963,1373.772,322.446,941,62.155,2
6409.905,2295.215,772.879,1129.516,273.18,922,62.17,2
7355.729,1723.383,1130.479,1863.844,348.885,942,62.17,2
10753.815,2088.728,1026.167,1381.569,317.305,881,62.23,2
7960.077,2008.851,1076.706,3660.35,875.836,861,62.215,2
7163.355,2114.318,1115.693,2758.62,665.586,881,62.215,2
7852.895,2256.471,954.6,2086.503,390.713,881,62.26,2
5466.329,1664.076,773.922,1406.543,272.583,922,62.215,2
6655.344,1680.472,818.582,1251.462,285.546,981,62.23,2
8069.996,2562.645,1723.374,4142.85,904.236,941,62.095,2
10199.153,1923.568,833.011,1844.845,369.654,1002,62.051,2
8333.006,2366.457,1183.443,2409.806,488.729,1001,62.006,2
9480.572,1909.971,1116.989,2017.411,425.207,1021,61.95,2
5989.819,1989.249,981.187,2142.574,494.146,922,61.922,2
7196.796,1734.911,959.322,1453.115,399.772,1002,61.921,2
6631.842,1278.976,685.99,1155.038,288.367,921,61.979,2
6678.285,1968.792,1026.164,1627.157,354.124,962,61.936,2
7741.693,2165.552,890.414,2580.922,564.191,901,62.007,2
6650.245,1264.171,659.606,1476.519,323.459,861,61.908,2
7962.312,2488.556,955.114,1665.791,419.924,882,61.922,2
6314.148,1613.362,1136.566,2119.4,560.102,1020,61.964,2
7064.449,1309.838,644.13,1365.667,328.381,1161,61.964,2
11628.231,1955.411,706.255,1413.484,275.791,1102,61.922,2
8430.83,2052.274,1340.503,4764.571,1148.424,1061,61.978,2
6033.026,2133.153,1711.637,4443.807,1018.316,1061,61.978,2
10180.32,2652.601,1449.859,3169.863,742.36,882,61.922,2
7703.45,2954.392,1085.99,3067.992,667.361,1001,61.979,2
8468.287,2304.01,1849.741,4794.192,1267.177,1042,62.007,2
7874.938,1611.609,805.923,1652.203,396.048,1040,61.994,2
8048.284,1399.938,731.448,1081.164,240.04,1040,62.006,2
7586.89,1953.372,703.546,1468.12,297.291,1120,62.02,2
10649.517,2301.515,982.66,1377.996,323.593,841,62.051,2
8865.14,2252.699,1060.799,2939.744,639.926,880,62.007,2
8411.6,1710.124,605.748,1185.181,264.597,861,62.08,2
6872.147,1521.972,548.069,991.744,273.317,902,62.035,2
6035.028,1877.285,1168.221,2713.531,536.254,941,62.05,2
7591.651,2680.719,1693.484,3601.325,811.199,961,62.035,2
6827.659,1859.165,973.511,2237.6,591.242,802,62.095,2
12603.46,2281.96,1425.763,3609.984,922.062,981,62.051,2
9566.388,2079.612,1089.348,1941.121,405.9,861,62.05,2
7499.961,2441.098,1254.274,3541.976,834.869,941,62.051,2
7201.487,2442.077,1750.125,4790.397,969.511,960,62.08,2
6681.122,1930.736,896.421,1580.316,358.377,961,62.125,2
7930.684,1670.937,767.768,1421.355,296.237,901,62.17,2
10369.097,2009.127,1251.803,2300.152,450.779,961,61.186,2
10682.348,2685.415,2080.238,5581.915,1384.579,942,60.26,2
6099.497,2054.518,1403.256,4006.41,831.794,1042,60.218,2
9025.859,2796.15,1444.578,3941.284,1039.013,1061,60.246,2
5337.116,1881.08,779.42,1462.408,355.677,981,60.204,2
8593.866,2335.089,1165.263,2621.031,571.148,1060,60.19,2
10133.371,1652.059,1171.388,2101.22,455.017,861,60.19,2
7005.229,1722.434,1098.773,2740.246,586.777,921,60.218,2
6822.195,1719.794,746.256,1291.182,290.165,841,60.232,2
8695.396,1941.776,887.666,1471.206,289.86,1102,60.218,2
11938.381,2844.379,1737.474,4564.488,941.4,941,60.176,2
6432.881,2055.167,1489.733,3875.223,856.295,1001,60.162,2
8176.843,2288.996,1752.925,4136.298,1054.124,902,60.19,2
7201.634,2575.471,1421.303,3266.226,844.621,1121,60.19,2
6621.638,1931.074,665.31,965.086,211.099,822,60.19,2
7005.1,2631.646,930.929,2554.484,545.422,1121,60.232,2
8485.599,1896.589,813.496,1535.643,378.834,962,60.218,2
6624.469,1388.58,769.553,1747.665,339.933,1201,60.232,2
9349.649,1501.51,659.499,976.617,198.641,841,60.26,2
9527.072,2580.076,1036.849,2581.271,581.419,961,60.261,2
8636.252,2176.913,1015.6,1982.954,395.963,1021,60.261,2
10926.251,1898.52,1088.357,1971.171,375.851,1002,60.26,2
8939.296,1830.017,544.552,1033.781,235.923,861,60.305,2
7594.898,1825.734,962.904,2778.443,646.498,962,60.32,2
7122.927,2198.605,1455.984,3599.241,880.4,761,60.365,2
7208.281,2681.397,1672.487,4839.393,880.488,841,60.38,2
5574.944,1660.535,840.774,2031.163,432.275,1001,60.41,2
6394.518,1314.646,600.995,962.425,233.346,1001,60.44,2
10451.374,2262.264,984.929,1836.377,433.706,961,60.395,2
8083.209,1820.236,590.563,795.434,167.682,981,60.425,2
6456.629,1415.212,517.758,631.712,133.516,942,60.425,2
6760.202,1450.851,949.817,2405.836,516.818,981,60.395,2
8656.893,1592.782,617.246,1377.857,327.113,781,60.425,2
6640.306,1716.026,1259.407,2533.558,580.959,1081,60.41,2
6738.32,2419.808,1043.458,2560.024,571.466,882,60.425,2
8231.241,2583.829,1960.743,5785.276,1257.471,1062,60.41,2
8342.03,1900.846,792.281,1482.475,317.703,941,60.35,2
10514.168,1872.997,1221.097,2652.769,591.418,722,60.335,2
6951.94,1514.696,569.759,1005.62,235.111,862,60.32,2
6947.768,1380.498,601.882,743.81,169.691,1001,60.365,2
5926.812,2698.741,2025.381,4937.449,1316.612,722,60.29,2
7392.724,1884.382,837.367,2251.904,466.31,861,60.275,2
8795.074,2118.293,948.066,1898.8,405.225,881,60.26,2
7261.982,2615,1403.151,2742.699,496.975,821,60.29,2
7873.239,2779.381,1975.57,3737.097,712.827,881,60.275,2
7947.473,1965.582,1072.054,2844.813,618.279,882,60.276,2
6092.561,1336.042,645.257,1162.484,268.296,1002,60.276,2
9607.62,2152.719,1186.678,3236.989,711.85,882,60.233,2
7062.134,2336.944,1612.238,4620.555,1107.291,821,60.232,2
7354.634,2122.309,1347.143,2523.745,522.107,982,60.26,2
8903.911,1695.321,1361.586,3827.32,849.624,901,60.29,2
8350.092,2998.754,1911.88,4539.353,1001.038,841,60.29,2
5798.196,1986.848,1185.093,3092.502,622.341,901,60.276,2
8154.54,1786.575,1077.807,2362.742,525.345,801,60.29,2
7653.91,1980.806,1050.192,2385.352,515.532,742,60.335,2
7295.87,2428.734,928.736,3083.345,577.017,760,60.335,2
7191.859,1835.561,742.867,1608.213,397.929,882,61.38,2
11472.77,2334.553,1349.125,3613.034,783.026,1041,61.32,2
9623.711,2383.062,1773.722,5127.34,1164.683,921,61.409,2
7182.376,1783.394,857.922,1580.151,383.948,862,61.394,2
10906.655,1847.893,1247.108,3611.107,769.282,981,61.425,2
12857.833,2233.514,1103.23,2779.319,626.094,901,61.409,2
7502.746,2301.023,995.615,2470.218,544.902,840,61.425,2
8359.005,1749.602,748.658,1313.098,326.842,801,61.454,2
11250.446,2868.193,1929.465,5241.462,1406.06,981,61.425,2
6764.854,1979.42,1525.794,5098.306,1180.94,882,61.439,2
7606.066,2392.449,1415.605,4186.354,894.496,941,61.439,2
9141.654,2487.753,1278.466,2477.658,506.541,1021,61.553,2
8222.838,1965.844,923.119,1947.835,398.959,961,61.64,2
5563.522,1577.574,576.038,955.647,215.67,842,61.715,2
9953.878,2521.469,1207.71,3789.423,874.3,922,61.745,2
11591.148,1948.911,1261.199,3119.611,774.92,941,61.85,2
9466.269,1869.219,1049.715,2204.263,514.428,941,61.834,2
7629.316,2003.025,965.982,2349.573,511.65,1002,61.85,2
6621.009,2404.772,1536.734,4776.338,1219.993,982,61.908,2
11756.94,2878.486,1788.767,3830.676,910.189,942,61.964,2
8871.055,1658.363,921.107,2150.794,395.978,941,62.021,2
9381.426,2035.245,873.077,1515.37,328.477,921,61.978,2
7775.22,1625.334,688.265,789.289,173.801,942,62.08,2
8354.363,1778.72,1242.014,2579.969,503.02,920,62.187,2
8214.03,1817.237,1046.565,1749.687,394.691,781,62.203,2
12385.043,1978.061,1042.895,1629.978,348.74,921,62.071,2
11937.336,1700.544,1267.633,1734.478,332.751,941,62.203,2
8831.109,1812.1,1089.885,1692.554,372.581,762,62.253,2
9690.238,1680.026,970.523,1481.394,317.187,722,62.32,2
7846.755,2402.615,1440.813,3243.659,704.347,762,62.269,2
6946.749,2268.087,810.332,1481.153,329.483,842,62.203,2
8782.026,2804.33,1820.477,5975.679,1393.606,981,62.153,2
7705.655,2589.493,1836.915,5273.136,1136.483,960,62.153,2
7155.207,2079.599,945.904,2780.164,562.099,961,62.12,2
9044.341,2260.518,890.429,2047.59,430.66,901,62.087,2
8213.53,1553.398,651.381,1319.524,302.842,882,62.103,2
6844.879,1323.05,483.414,821.006,199.989,1022,62.187,2
10154.276,2221.858,987.827,1751.673,331.967,981,62.103,2
9512.821,1967.252,1552.563,3997.595,1132.81,962,62.187,2
8082.795,1964.439,1703.744,5575.718,1231.918,921,62.137,2
8703.515,1818.269,1250.481,2808.712,626.559,1042,62.037,2
7960.703,2011.515,902.367,1865.523,390.721,962,61.942,2
6757.709,1658.975,821.893,1538.417,306.989,882,61.747,2
7791.089,1646.44,749.944,1465.63,297.632,962,61.713,2
7166.643,1866.122,806.792,1260.589,292.813,1061,61.73,2
7862.183,2180.635,1456.822,3433.54,741.811,1061,61.747,2
7138.177,1732.8,974.512,2378.827,512.808,922,61.73,2
8532.082,1475.425,622.684,1014.638,240.947,941,61.73,2
8427.661,1887.554,960.148,1417.81,357.689,962,61.68,2
7671.27,2184.991,807.726,1110.839,242.651,882,61.78,2
10890.119,2619.654,1661.81,3947.257,961.528,1061,61.78,2
8541.714,1965.804,1657.029,3995.951,1039.772,1102,61.959,2
7969.271,1851.833,1100.01,2058.541,484.832,1042,62.053,2
8940.78,1544.552,1159.09,2925.332,653.589,821,62.137,2
10849.955,1974.45,866.006,1684.691,368.185,901,62.137,2
11289.189,2097.658,817.383,1082.773,233.112,981,62.071,2
11025.079,1958.288,936.689,1265.394,311.938,941,62.12,2
9396.858,2038.545,1329.959,3358.111,818.667,941,62.187,2
5808.988,1831.259,838.25,2454.166,510.73,982,62.187,2
10103.672,2788.878,1625.951,5220.717,1028.444,822,62.269,2
5432.867,2672.052,1864.47,5040.909,1155.936,981,62.237,2
7275.55,2326.704,757.336,1529.536,367.854,761,62.269,2
10355.687,2393.185,1072.46,1744.102,419.363,802,62.32,2
7603.027,2709.557,2027.922,5619.887,1319.169,821,62.303,2
8413.435,1737.95,1124.358,2620.169,636.962,882,62.17,2
7484.065,1628.705,790.231,1498.38,402.124,941,62.07,2
8265.709,1736.613,751.102,910.389,242.756,822,62.021,2
8742.827,2505.866,1731.429,5131.267,1232.621,921,62.004,2
10214.067,1909.003,938.839,1796.006,403.319,801,62.021,2
7463.049,2096.72,1016.265,1693.337,337.251,822,62.006,2
6754.589,2695.517,2131.892,5659.689,1183.019,922,62.021,2
7237.929,1573.348,846.05,1392.982,299.103,941,62.038,2
7549.771,2465.199,1619.619,4679.045,1124.173,861,62.006,2
8222.657,1622.59,659.537,1221.383,277.599,902,61.958,2
6729.316,1723.524,694.765,1181.038,207.811,881,61.91,2
7993.787,1773.033,794.331,1050.612,211.287,961,61.879,2
7118.599,1979.238,1125.504,1699.171,387.607,941,61.91,2
7286.387,1831.428,813.303,1052.218,253.028,941,61.896,2
10077.137,2108.222,960.696,1256.339,280.517,861,61.862,2
10276.91,2437.851,1398.38,3526.895,850.029,960,61.879,2
6558.498,2239.262,1405.548,3378.062,908.791,862,61.896,2
7793.233,1397.329,535.51,799.034,226.782,861,61.911,2
11267.868,2344.746,1929.925,6077.966,1267.689,782,61.942,2
8710.956,2067.598,1272.329,3006.435,706.551,821,61.927,2
7246.085,1902.624,857.995,2361.204,578.784,822,61.942,2
7545.762,1754.075,852.932,1801.055,423.164,901,61.989,2
9258.717,2592.494,1338.696,2788.259,735.466,902,61.894,2
6788.663,1853.755,968.207,1733.709,383.733,841,61.942,2
6765.248,2567.842,2070.091,5195.065,1257.983,842,61.941,2
8738.738,2117.181,1341.131,2829.775,624.709,862,61.958,2
7627.79,1690.143,999.502,2260.203,504.975,881,61.926,2
8476.029,1920.428,841.413,1484.206,308.417,1121,61.926,2
11104.715,1801.488,852.183,1429.998,306.191,881,62.022,2
9411.33,1754.377,901.593,1406.058,322.271,720,62.058,2
6931.883,1920.307,721.1,1082.002,265.764,901,61.974,2
7952.976,2590.17,1728.504,4937.511,1089.033,921,61.942,2
10305.511,2501.702,1313.804,2727.716,470.615,901,61.942,2
7220.287,1942.457,1041.231,1601.053,343.835,871.5,61.86,2
9159.573,2436.51,1230.073,2688.204,593.769,861,61.893,2
8797.264,1792.579,1133.094,2226.94,489.926,841,62.04,2
6703.511,2255.065,1275.272,2263.743,450.319,872,62.058,2
7128.828,2629.557,1074.656,1879.437,410.078,941,61.941,2
7345.849,2944.989,1888.346,6315.957,1373.853,1011,61.957,2
7433.677,2381.917,1456.863,3888.517,924.792,1051,61.908,2
7015.812,2119.375,1433.446,3225.381,623.699,981.5,61.846,2
9408.11,1854.358,715.382,1172.979,269.545,951.5,61.959,2
8971.72,1834.117,903.148,1362.14,333.331,1031,61.746,2
8095.067,1587.541,879.748,1474.681,282.726,961,61.829,2
9176.709,2026.616,1110.202,2409.404,473.958,1071,61.91,2
7481.81,2446.812,2038.457,5114.676,1309.835,1031,62.203,2
